Seed,Algorithm,Model Size,Accuracy,FLOPs,Prediction Flips
0,NSGA2,0.10827967784647474,0.9682140403255473,185.0,0.04730403317044529
0,NSGA2,0.09494027358256212,0.9635170531030489,155.0,0.05836395244315711
0,NSGA2,17.438054476478897,0.974843827671793,84.0,9.29549596967556
0,NSGA2,17.4439801771766,0.9747803377341733,87.0,9.28812859317603
0,NSGA2,0.10874678504798176,0.6755412124637868,0.0,0.11500630767135496
0,NSGA2,17.438054476478897,0.974843827671793,84.0,9.29549596967556
0,NSGA2,6.595001612912495,0.9737969347490334,213.0,3.4779844979702936
0,NSGA2,0.1286708706132945,0.8574575905387323,117.0,0.08710458905585301
0,NSGA2,0.12789890445314273,0.7046984241417031,8.0,0.08690263028528619
0,NSGA2,11.863555113198817,0.9569809815972286,5.0,8.746326418830273
0,NSGA2,0.13856885051133067,0.9060766744283146,34.0,0.12721052494413873
0,NSGA2,7.716016442687289,0.974348124727798,168.0,4.2187988285519795
0,NSGA2,0.1879955294813849,0.8726690771343114,8.0,0.8440540546644791
0,NSGA2,8.984913545320259,0.9466806922775322,9.0,8.275831942311559
0,NSGA2,6.716736510195767,0.9737608829413835,207.0,2.31070734844001
0,NSGA2,4.6844211743358475,0.9428294946303107,20.0,2.685865814038002
0,NSGA2,16.036444014480807,0.9744459620333884,129.0,5.768803363628592
0,NSGA2,13.321609076332416,0.9737088649860453,73.0,7.251347144658965
0,NSGA2,2.117339430544475,0.9629502350039308,36.0,1.0882552586105225
0,NSGA2,17.02002497355817,0.974603085858093,95.0,6.045154736550311
0,NSGA2,3.437634575335916,0.9726227208511525,71.0,1.2583867489210858
0,NSGA2,3.9542905422891947,0.9334079165140549,8.0,2.5913996412354816
0,NSGA2,3.272048916958862,0.9686482998750343,26.0,1.6561513846354279
0,NSGA2,15.694314729345676,0.9744505360064767,182.0,5.40040757493766
0,NSGA2,10.378181976484662,0.974404320163705,188.0,3.8061844072413216
0,NSGA2,10.913645054846226,0.9743397501811935,178.0,3.9328922663392287
0,NSGA2,14.877341599008886,0.9737853855092202,59.0,8.04436106039921
0,NSGA2,8.017166721683916,0.9720208287051383,65.0,2.9873042854205205
0,NSGA2,0.7637562068260332,0.9188431034078793,0.0,0.9839265751509896
0,NSGA2,11.135461827252128,0.9540985469299861,10.0,5.568581858780003
0,NSGA2,12.49063070718567,0.9743397501811935,94.0,4.563543110218835
0,NSGA2,1.0312897117144475,0.9642771844528233,40.0,0.3786795454226155
0,NSGA2,14.064463273129162,0.9719274766845648,55.0,4.8552402366632945
0,NSGA2,0.5659051610714855,0.9710466327509761,141.0,0.36694897771438795
0,NSGA2,13.250173749741073,0.9739269960294894,78.0,4.7891559415919245
0,NSGA2,13.75724600704904,0.9742435684487218,85.0,5.089778871351578
0,NSGA2,9.6282440939634,0.9512832765772151,6.0,7.497408101976726
0,NSGA2,5.072359720790887,0.9733294821427254,104.0,1.802076445293354
0,NSGA2,0.1213312188198192,0.6793120393358063,1.0,0.20199988977446395
0,NSGA2,2.4995065044517784,0.9693066534630065,28.0,0.7889844831688262
0,NSGA2,2.2814714312297126,0.9350915974839366,14.0,2.9509283407879803
0,NSGA2,0.1989089218787129,0.8615795944968107,0.0,0.44063683788530705
0,NSGA2,7.642687777492324,0.9738140010706943,104.0,2.7744826503345537
0,NSGA2,0.1563888688805641,0.7022838593829732,0.0,0.2487898812669086
0,NSGA2,2.7468580831149736,0.9719435795019059,200.0,0.9527795226856456
0,NSGA2,11.034441821693353,0.9568714628373046,16.0,9.234684168619347
0,NSGA2,9.629619682366652,0.9512832765772151,6.0,7.491702669169801
0,NSGA2,7.075335332800328,0.9741025422734993,118.0,2.544477302358441
0,NSGA2,7.027205519729681,0.9473628407332315,17.0,6.61262269605426
0,NSGA2,10.495628124587439,0.9746392952029143,195.0,3.8473844304481926
1,NSGA2,13.110221260358033,0.9751371807595096,54.0,7.114316731500786
1,NSGA2,0.10882403842308448,0.9683900328194969,165.0,0.04740569543812443
1,NSGA2,12.056903474822004,0.9751371807595096,57.0,6.616725073234579
1,NSGA2,0.07356244241258691,0.9669725929639534,160.0,0.05955574538641266
1,NSGA2,0.13837647637374886,0.968551423114986,196.0,0.13913388015457306
1,NSGA2,0.11792301552042511,0.6613602943111825,0.0,0.131576337785479
1,NSGA2,0.892104816413568,0.7255556045989707,14.0,1.4130121904216162
1,NSGA2,0.11456968596600778,0.8912825899597411,69.0,0.04955484975158096
1,NSGA2,0.1300220301132567,0.8976094351228414,32.0,0.06739858711253419
1,NSGA2,0.08120519724428965,0.9642688727900964,152.0,0.07962144475769256
1,NSGA2,5.5654559230974945,0.9730674058600091,105.0,2.9544399668826764
1,NSGA2,11.788303343162362,0.9750038481516133,65.0,6.207414887000568
1,NSGA2,8.734853701084033,0.9742219743901297,63.0,2.6315642828651202
1,NSGA2,9.806362785595965,0.9749807588943183,54.0,5.35575841524906
1,NSGA2,9.711629841102335,0.9742376066338486,48.0,4.535849069453751
1,NSGA2,6.828073430206748,0.9737122135250836,54.0,2.0971007756450457
1,NSGA2,4.565465442837237,0.9729844781130833,56.0,2.435533969112913
1,NSGA2,10.777461076851674,0.9746793077189266,53.0,5.09458293810294
1,NSGA2,0.1464998010836405,0.9685788083074172,169.0,0.15275310791970376
1,NSGA2,0.1310999995103422,0.967197482391412,126.0,0.07776958392921178
1,NSGA2,6.519423685757032,0.9748031925664518,54.0,3.625701018959112
1,NSGA2,0.7753430443343133,0.7110575405067311,5.0,0.5204350288569167
1,NSGA2,3.8482839671090048,0.9718782192920278,66.0,1.0563788962191938
1,NSGA2,2.9852553559678348,0.9723696921760286,147.0,0.9564637013251941
1,NSGA2,5.574340946989848,0.9733206774237161,99.0,3.129612206584702
1,NSGA2,6.506879314840408,0.9748031925664518,60.0,3.5422383502701673
1,NSGA2,12.080739584298748,0.9751371807595096,57.0,6.5954566756805875
1,NSGA2,3.346459563685135,0.9725460644263831,70.0,0.9456866163094756
1,NSGA2,0.1792976232944646,0.6779138438978791,0.0,0.13490460032285803
1,NSGA2,6.022526061438795,0.9741975774227422,82.0,1.6412808542593282
1,NSGA2,1.0344419022135225,0.695383882667303,0.0,0.7325660493189887
1,NSGA2,10.26046409868502,0.974384004186322,48.0,4.79010269821032
1,NSGA2,2.359071521107502,0.9716860136383078,92.0,1.2882345484038014
1,NSGA2,1.3334328523546322,0.969722537333955,27.0,0.42240605116107965
1,NSGA2,0.5597960704760473,0.7126200158205283,13.0,0.8989380258835562
1,NSGA2,11.796589907459769,0.9751180455378828,60.0,6.386091491518692
1,NSGA2,5.795570473871893,0.9741777382017549,86.0,1.7607253246159476
1,NSGA2,1.0298914099538008,0.7170032520906107,2.0,0.5924241987304983
1,NSGA2,0.8629739108206386,0.9673184889023357,42.0,0.6569216245891824
1,NSGA2,9.400454491629873,0.9745587988309434,52.0,5.070947255074818
1,NSGA2,10.098375496964909,0.974384004186322,51.0,4.71671020862251
1,NSGA2,8.856848495574482,0.9742219743901297,86.0,2.3786633251818903
1,NSGA2,8.99539760806186,0.9749807588943183,63.0,4.97183688222535
1,NSGA2,2.5984359217750406,0.9703404898210128,90.0,0.7567292417398478
1,NSGA2,6.818186205824553,0.9737433412316392,57.0,1.8967625823565868
1,NSGA2,2.0832816861413983,0.9709937791523625,47.0,1.4277488277875825
1,NSGA2,0.11674873132976474,0.9672258723958672,135.0,0.05020867715807761
1,NSGA2,0.1600729762974186,0.9686811463740689,80.0,0.1508943575778076
1,NSGA2,6.115535803292147,0.972917832709458,53.0,2.9329007036540937
1,NSGA2,1.9497200642724735,0.9702262565423325,24.0,0.6999175085940319
2,NSGA2,2.6034957559166623,0.9699021169612612,119.0,0.9060073426514453
2,NSGA2,0.10941038686111482,0.9662304248203143,77.0,0.04753407643089802
2,NSGA2,0.15621000866040569,0.6997034255006127,0.0,0.1744394357305002
2,NSGA2,24.064177546320515,0.9752208369521315,72.0,7.967436244968933
2,NSGA2,0.0945443766801088,0.8798869412618593,66.0,0.0575697999969106
2,NSGA2,0.11255978937517423,0.659866447916697,0.0,0.12111259574556722
2,NSGA2,32.291377598003734,0.975183981920042,67.0,16.990215954176122
2,NSGA2,0.789614692740554,0.720938375013024,9.0,1.3507805276501157
2,NSGA2,17.163698110381663,0.975183981920042,68.0,9.091796339428194
2,NSGA2,25.846844395797483,0.9749009152126377,53.0,11.663369245594176
2,NSGA2,26.238440342393126,0.9743995470826896,47.0,14.137495649775143
2,NSGA2,26.22118951193272,0.9743995470826896,47.0,14.146606267888872
2,NSGA2,0.21998445532886643,0.9061104428096053,17.0,0.140247937381358
2,NSGA2,6.650448106720626,0.9741975774227422,86.0,1.8298051334571155
2,NSGA2,3.6133849322984153,0.9727401081012668,102.0,1.243038635184337
2,NSGA2,12.047986311900187,0.9750278469591364,71.0,6.4105627428444105
2,NSGA2,25.006811050621643,0.974371076594778,47.0,13.140389430302081
2,NSGA2,0.09655484626933374,0.9610378549928937,107.0,0.06274865731047656
2,NSGA2,0.520963767411375,0.9370601354673302,19.0,0.2570532237989374
2,NSGA2,0.6871244776222514,0.7112555798099887,2.0,0.42728982960283435
2,NSGA2,8.187054118552028,0.9745865988818008,64.0,2.754898497623498
2,NSGA2,0.15188053133653173,0.6623934735339767,0.0,0.21299637157133355
2,NSGA2,9.91067447493544,0.9749807588943183,54.0,5.415875985494734
2,NSGA2,10.202388460262396,0.9747430454072842,55.0,4.788912180664746
2,NSGA2,1.7112320479852783,0.7080176253327428,1.0,0.8931351583745647
2,NSGA2,7.379516331773513,0.9743812566902935,55.0,3.87007574614125
2,NSGA2,25.402621074817713,0.9751371807595096,52.0,13.56912264426841
2,NSGA2,13.369289075897969,0.9751741035279871,60.0,4.455522241880825
2,NSGA2,16.15146197193633,0.975183981920042,77.0,8.518713291962113
2,NSGA2,14.172189738848106,0.9751371807595096,54.0,7.672889291215844
2,NSGA2,9.36151806160777,0.9749986833431749,66.0,3.1733512839712223
2,NSGA2,0.5420486979476301,0.9458727533476721,18.0,0.2852089808146382
2,NSGA2,0.19673381034626564,0.8988292903143525,32.0,0.09833598768138113
2,NSGA2,12.741246578141515,0.9751371807595096,57.0,6.864298085254622
2,NSGA2,3.0479556051096153,0.9728489004795607,46.0,1.6513953277253088
2,NSGA2,0.4992474768753645,0.9678578988498621,86.0,0.4151286825564488
2,NSGA2,5.149801919198473,0.9711086372789245,25.0,1.9351511354895679
2,NSGA2,0.6485781375292582,0.7087823846613367,10.0,0.37365455923536034
2,NSGA2,5.701611277914235,0.9674121514560343,20.0,2.1212861354355605
2,NSGA2,8.322743289695518,0.9749154216892592,71.0,4.5993415391849295
2,NSGA2,0.7776448217167269,0.969430036884792,40.0,0.367795865538746
2,NSGA2,13.96748258194077,0.9748688432014153,49.0,7.401050634960635
2,NSGA2,0.12283556063812101,0.8912950263127777,27.0,0.1901319437786282
2,NSGA2,6.4229404336894325,0.9748031925664518,57.0,3.505654093300395
2,NSGA2,13.263178113407323,0.9747107769004036,49.0,7.030991660985652
2,NSGA2,0.789614692740554,0.720938375013024,9.0,1.3507805276501157
2,NSGA2,4.488371202589581,0.9704115017533184,22.0,1.6743130958694115
2,NSGA2,16.181714729402607,0.975183981920042,71.0,8.545296543417104
2,NSGA2,3.9416762105847036,0.9702950581743179,27.0,1.4883491823156243
2,NSGA2,0.12430552043156032,0.9602637049144976,34.0,0.06614165643254337
3,NSGA2,0.10934755849362879,0.9682795664016403,73.0,0.048405276958094635
3,NSGA2,10.329999840046874,0.973865449335945,62.0,3.4878576405944806
3,NSGA2,0.09462097194255081,0.8780666399519187,61.0,0.059098424484193196
3,NSGA2,0.19911758521921322,0.3796465966224049,0.0,0.10940260680851507
3,NSGA2,4.704205827178283,0.9725963084948269,101.0,1.3234740358245842
3,NSGA2,10.067107476053543,0.9741157754651211,70.0,3.416495584284321
3,NSGA2,0.11050377084393101,0.6753336048696315,24.0,0.12218805879180522
3,NSGA2,1.437763460040147,0.9707343498855675,18.0,0.6505382404959209
3,NSGA2,4.468837613452968,0.9719085586832246,95.0,1.5301675799322405
3,NSGA2,0.6274222436621217,0.7234426811393548,0.0,0.46050192659492284
3,NSGA2,0.12624529680933555,0.8776032776044738,59.0,0.06860455407766186
3,NSGA2,0.17577114804924407,0.9009888179025729,15.0,0.13385477077491686
3,NSGA2,4.704230774039198,0.9725963084948269,101.0,1.3231876308204633
3,NSGA2,9.662936636301769,0.9729674667571735,55.0,3.221937542607706
3,NSGA2,8.75531019979395,0.9739025261749137,68.0,2.974917468846059
3,NSGA2,6.059798505619807,0.9729193911106835,56.0,2.0281500454208716
3,NSGA2,9.812017688031379,0.9739530991805031,81.0,3.3188217408241067
3,NSGA2,7.388407664865158,0.9732660927567391,64.0,3.3335245593075746
3,NSGA2,7.871676615641806,0.9727976081660966,52.0,2.669827338615234
3,NSGA2,4.956243855281837,0.9724313143484772,84.0,1.4399811976523795
3,NSGA2,8.601976557937444,0.9733819425025251,56.0,2.8868977493668333
3,NSGA2,6.356836943701451,0.9724979163741374,55.0,2.155570323478168
3,NSGA2,0.17654445802629168,0.962431530363891,17.0,0.11091852265016079
3,NSGA2,5.142679338493511,0.9720596071632851,59.0,1.583871580687905
3,NSGA2,4.956042638323797,0.9729089125344793,60.0,2.3408047931477824
3,NSGA2,4.478524550204717,0.9719428004804532,74.0,1.6534180556878229
3,NSGA2,0.9249711451089969,0.971334718029364,22.0,0.4733357709981274
3,NSGA2,0.3520614980363932,0.9703331821115653,46.0,0.1456225284654901
3,NSGA2,0.4155843248449168,0.7116414388389347,9.0,0.2388658936448514
3,NSGA2,0.5877699029641019,0.9678521917529174,27.0,0.3520605910131347
3,NSGA2,1.289833839940276,0.970350481097384,35.0,0.4309383435820695
3,NSGA2,7.560983467953054,0.9735851474536505,67.0,2.538539120324886
3,NSGA2,0.44515798743801027,0.9689451101180455,32.0,0.19850969794727194
3,NSGA2,4.9822206891059055,0.9730361793088138,69.0,1.7945200188665553
3,NSGA2,0.9476107264016064,0.9698824346770474,19.0,0.42276818079255996
3,NSGA2,0.48670846740247037,0.9706731214408575,42.0,0.22583225987745728
3,NSGA2,6.235531832649184,0.9733445632987535,67.0,2.133430000912268
3,NSGA2,7.5029290929239405,0.9733926037357682,69.0,2.6977740447547665
3,NSGA2,6.316597819103268,0.9732440869600858,60.0,2.165727118580462
3,NSGA2,0.19657290553410914,0.6995044011739135,2.0,0.17177034348562792
3,NSGA2,4.969203812996359,0.9733445632987535,95.0,1.7011929137763586
3,NSGA2,7.780075401469094,0.9733819425025251,60.0,2.6134329267960146
3,NSGA2,0.6032390179810785,0.7147555056129217,7.0,0.34629452796912014
3,NSGA2,0.15617352497405884,0.6910593550599868,0.0,0.1867478048003706
3,NSGA2,4.72248937544215,0.9730361793088138,90.0,1.6054932142750757
3,NSGA2,7.554729146653312,0.9739530991805031,98.0,2.5656142635707098
3,NSGA2,1.437718048767056,0.9700697530756638,18.0,0.5901408076637946
3,NSGA2,0.6934997484731164,0.9704481947433663,40.0,0.2628560152602835
3,NSGA2,4.72248937544215,0.9730361793088138,90.0,1.6054932142750757
3,NSGA2,5.130781256800039,0.9724719742900574,50.0,1.734417800829589
4,NSGA2,16.91896799618724,0.9592676301476878,1.0,10.392710656022686
4,NSGA2,0.09478817620571874,0.9619536617475243,64.0,0.05861086608977422
4,NSGA2,8.220793611550974,0.9719379981263504,66.0,3.8455908757891204
4,NSGA2,0.10903314416062986,0.9672837226793572,71.0,0.04744161962820194
4,NSGA2,0.1806710521616668,0.3717336661109311,0.0,0.09868399582399456
4,NSGA2,0.12192781578141104,0.9674587963151899,73.0,0.07933512808501735
4,NSGA2,0.2042501086498421,0.6491235685381926,0.0,0.5120446404614774
4,NSGA2,0.1657629650600101,0.6977802643505395,5.0,0.1952065246021711
4,NSGA2,0.20445118437480514,0.855999766336902,8.0,0.29211210159572654
4,NSGA2,8.727145904648262,0.9715582231683603,44.0,2.523291969919797
4,NSGA2,3.3424769379852695,0.9615267683120285,26.0,1.465479951314532
4,NSGA2,1.932691085724729,0.9290155875244989,2.0,2.085759540223124
4,NSGA2,0.11285354395023475,0.6648097233752793,19.0,0.1597386644533734
4,NSGA2,1.527975517316218,0.969967387826885,39.0,0.7119866756315307
4,NSGA2,4.332576417240633,0.9329485334923189,3.0,2.8791656667535146
4,NSGA2,15.212274750895038,0.9592296485158651,0.0,9.742434284142096
4,NSGA2,4.535372000349259,0.9460734175554399,0.0,4.297996065647712
4,NSGA2,0.13110086642296087,0.901094706500903,35.0,0.07182594892452995
4,NSGA2,7.5911125360905976,0.9709689819870868,52.0,3.563963319324
4,NSGA2,15.95768748382558,0.9603814288744085,9.0,9.650920866394701
4,NSGA2,12.555229812524843,0.953010395493786,12.0,5.900864161671107
4,NSGA2,11.29052717729344,0.9581869072184871,0.0,8.100827090986025
4,NSGA2,10.167045921994085,0.9513424361313864,8.0,5.090901725883199
4,NSGA2,5.406358079845589,0.9366068296679049,1.0,3.4095042268123006
4,NSGA2,7.492218845457043,0.9483948963758337,7.0,5.327168385299664
4,NSGA2,12.64123733882633,0.951431868366069,14.0,5.889040982214637
4,NSGA2,11.092183432969605,0.9588982872934454,4.0,7.6641879982398935
4,NSGA2,5.956885648633796,0.9373598966500799,0.0,3.6539335889620546
4,NSGA2,14.115721315259055,0.9589773967793793,0.0,8.916675798259801
4,NSGA2,6.776049726960822,0.9477719629329837,9.0,4.843909504593804
4,NSGA2,3.4801674011248265,0.9709567340402442,33.0,1.3136552730707578
4,NSGA2,11.353304753119149,0.9588982872934454,3.0,7.617795721243384
4,NSGA2,1.1704868216842665,0.9687928755888584,48.0,0.5515662400411097
4,NSGA2,6.886877559934903,0.9392586542150855,0.0,3.9342810289187042
4,NSGA2,0.10106735659323683,0.9607487677910976,58.0,0.08103066101064843
4,NSGA2,0.21078432320681803,0.6551315070880033,0.0,0.7237618320355964
4,NSGA2,10.581892947754856,0.9498279274078123,1.0,5.785820845102935
4,NSGA2,12.863163779352558,0.9517230860508944,0.0,6.470554498716605
4,NSGA2,3.4936108017410032,0.970856749692877,32.0,1.3179753238517227
4,NSGA2,0.6205469117969247,0.882724221818887,7.0,0.7177936785241678
4,NSGA2,13.722060995824705,0.959999884762018,6.0,9.017871115721285
4,NSGA2,13.490800006662734,0.9517677091615139,5.0,6.284785385043793
4,NSGA2,0.13047508104188735,0.6924155192923296,27.0,0.11394419676814735
4,NSGA2,0.4416100554409203,0.8706004966484099,12.0,0.3906113153589545
4,NSGA2,14.322119919212671,0.95405981875025,1.0,7.361173159540994
4,NSGA2,0.10712399444061758,0.9618706692682796,59.0,0.123690271279859
4,NSGA2,13.959354013716773,0.9589419031355559,0.0,9.38990615486175
4,NSGA2,7.993294593025233,0.9715364138677908,48.0,2.328622724863914
4,NSGA2,0.09479383863871367,0.9619101186438233,63.0,0.058982272439874354
4,NSGA2,7.773500507524954,0.9716341345592442,50.0,2.334822348712714
5,NSGA2,0.15824760685207237,0.7018146525183562,0.0,0.1466114401142276
5,NSGA2,43.65929825637415,0.973874115545794,65.0,20.082150890761543
5,NSGA2,0.26088426650278373,0.8774879394915501,0.0,0.6713405980790181
5,NSGA2,14.007015169275794,0.9749318035214528,116.0,4.67023531289649
5,NSGA2,6.806761793244541,0.9734727628328538,160.0,2.1897891951891926
5,NSGA2,0.11730864242074152,0.9679014903653184,105.0,0.06439549869995626
5,NSGA2,0.10189491071817226,0.9629393960638383,94.0,0.0810257114169744
5,NSGA2,46.39755726848566,0.9738734299591895,74.0,18.289304387344465
5,NSGA2,0.25777939682734163,0.8772862649596547,0.0,0.6707754638678414
5,NSGA2,0.1784118505032828,0.7062417409472916,0.0,0.16436722342813498
5,NSGA2,17.219437829885752,0.9602095416573957,10.0,10.466386004976377
5,NSGA2,33.58755896801392,0.972273661838758,54.0,14.338358765374833
5,NSGA2,34.376972536767965,0.9735050887435427,60.0,14.01155801554444
5,NSGA2,9.89133160158797,0.9494342483036603,5.0,6.650015627694
5,NSGA2,16.036249137537837,0.9601724018619028,6.0,11.213883752516177
5,NSGA2,6.589954322110803,0.9736794546840741,134.0,2.2737005154379175
5,NSGA2,13.413542971574568,0.9526203646702348,0.0,7.629046545015835
5,NSGA2,5.8646661984210775,0.9732287559942251,142.0,1.9878512713230614
5,NSGA2,43.40993154252751,0.9739525884365422,69.0,18.823893329758267
5,NSGA2,0.7467012573470878,0.9272164174066693,2.0,0.9905391932712739
5,NSGA2,17.176213092585048,0.9601108836121085,12.0,10.212934749752199
5,NSGA2,37.69781118850911,0.973330800301033,55.0,17.386082598251225
5,NSGA2,8.76127577780775,0.973625240631537,89.0,2.9909749286906298
5,NSGA2,14.007015169275794,0.9749318035214528,116.0,4.67023531289649
5,NSGA2,11.925260536441991,0.9734374866598736,57.0,5.534839248530101
5,NSGA2,39.121017812605,0.9727839991053804,53.0,16.680549178924643
5,NSGA2,2.763197166989748,0.9715490101807852,157.0,0.8771732749177982
5,NSGA2,4.762114837044513,0.9717664002558873,41.0,1.7941990403752808
5,NSGA2,0.14795010717759247,0.9022655298800429,30.0,0.08935456574550554
5,NSGA2,10.959925668013113,0.9587202419700835,5.0,8.335162076140614
5,NSGA2,36.38709275054487,0.9729068862272661,55.0,15.569411056080586
5,NSGA2,12.131033577830452,0.9745403645230488,109.0,4.053671690382724
5,NSGA2,0.13553632891203163,0.8948652938596832,63.0,0.07409856499764336
5,NSGA2,0.13202736058841266,0.9004825069357959,19.0,0.07611292054188905
5,NSGA2,3.2173733794715127,0.9717664002558873,44.0,1.2597261475842532
5,NSGA2,12.23390994442595,0.9744909018951571,80.0,4.0875370450399044
5,NSGA2,39.121017812605,0.9727839991053804,53.0,16.680549178924643
5,NSGA2,7.600626779978025,0.9729133892321553,57.0,3.528894831518933
5,NSGA2,38.22677549389381,0.972273661838758,53.0,16.292024121439702
5,NSGA2,15.40582956229255,0.9600452457254268,7.0,8.86542173626524
5,NSGA2,0.25166210137853756,0.8810009444850893,2.0,0.4318374280819683
5,NSGA2,9.40364035506057,0.9737817078502728,141.0,3.2366726355936843
5,NSGA2,2.543012602331874,0.9369690398505648,0.0,2.654915581792725
5,NSGA2,43.40993154252751,0.9739525884365422,69.0,18.823893329758267
5,NSGA2,35.169379088159694,0.9735556811710524,78.0,15.15759422387091
5,NSGA2,2.610410890875453,0.9713237084363626,98.0,1.0757181632766621
5,NSGA2,35.73556803208396,0.9735697427689275,58.0,14.983611024604942
5,NSGA2,3.676023910654009,0.9405679263079623,0.0,3.2860122759113444
5,NSGA2,14.674237069943777,0.9600736555597402,7.0,9.408379748036122
5,NSGA2,10.954046116549263,0.9727803886890124,55.0,4.703232441095846
6,NSGA2,28.492054475217696,0.9732226067157365,57.0,12.679121897151795
6,NSGA2,0.14654758323486408,0.6850952892482657,0.0,0.13968315859156358
6,NSGA2,6.567312099548742,0.9728670401540311,146.0,1.7328240884086403
6,NSGA2,0.13428537556538295,0.6850952892482657,0.0,0.14603249817275676
6,NSGA2,15.373067723948624,0.9746156862856855,112.0,6.669677472318864
6,NSGA2,0.10956083030854347,0.8969555125130326,72.0,0.049623213392178706
6,NSGA2,0.10182551908386248,0.8940313631098824,72.0,0.050800175481301085
6,NSGA2,25.50967824568595,0.9732226067157365,60.0,11.321478154740609
6,NSGA2,0.8995509373543097,0.7220929420283311,1.0,0.6041150202289691
6,NSGA2,0.21380284824056697,0.8625915570961906,4.0,0.39944380629849424
6,NSGA2,16.24675682612964,0.9739371833635331,89.0,5.394024415868521
6,NSGA2,13.298748276174033,0.9616451459320903,14.0,9.089278279036858
6,NSGA2,6.567312099548742,0.9728670401540311,146.0,1.7328240884086403
6,NSGA2,9.485151099904916,0.9520514370739025,0.0,7.197153626000505
6,NSGA2,26.621065901289665,0.9732226067157365,59.0,11.765022616027887
6,NSGA2,5.398514716474515,0.9732124984012693,98.0,2.428526583035823
6,NSGA2,14.10045532141852,0.9740782605217021,80.0,6.107041437960223
6,NSGA2,3.3334322399562857,0.9723834992093134,100.0,1.1232777129354645
6,NSGA2,6.761723700189292,0.9732228400872582,129.0,1.785172547939816
6,NSGA2,8.53861129854442,0.9733386148638833,67.0,3.6591849043671916
6,NSGA2,1.473909756024246,0.9369320619322402,9.0,1.8801899460170794
6,NSGA2,8.36976973772672,0.9724156645511397,112.0,2.229569941258292
6,NSGA2,1.2441650276525482,0.710413385750295,0.0,0.8205421547278385
6,NSGA2,10.695280276423462,0.959421933548845,4.0,7.638429885995676
6,NSGA2,12.798922567114195,0.9616092925331543,11.0,8.519032489995768
6,NSGA2,0.6838598853005367,0.970080082477761,50.0,0.2555578300765559
6,NSGA2,0.1402768727510578,0.9061903163300029,32.0,0.08062493577569568
6,NSGA2,1.153380101428016,0.9160096412359539,7.0,1.1455388270407219
6,NSGA2,4.5450142209527735,0.9521555640591455,9.0,4.496891093924285
6,NSGA2,11.00262601125628,0.9592084848466811,1.0,8.070705679348686
6,NSGA2,14.895757501443915,0.9742375712763525,86.0,6.4563753352800415
6,NSGA2,6.847194553833691,0.974195146554499,94.0,2.9717839170938753
6,NSGA2,11.790270696793192,0.9734069214520091,93.0,5.061232000001018
6,NSGA2,7.389907995268485,0.9535962778146884,6.0,5.754015573938085
6,NSGA2,6.797881976675353,0.9732228400872582,119.0,1.794822199278478
6,NSGA2,3.8585125662850217,0.9459360736972258,10.0,3.878046335103843
6,NSGA2,27.72417007357378,0.9732226067157365,58.0,12.342895644483727
6,NSGA2,0.5696932141190769,0.9717505939537522,42.0,0.3094883377140557
6,NSGA2,0.12503794494691983,0.8861718838218087,38.0,0.10909175665477057
6,NSGA2,2.6444997895829014,0.9558270378494229,27.0,1.2592540736077413
6,NSGA2,13.166788853705821,0.9743562825110211,127.0,4.427700486158546
6,NSGA2,13.584554077865612,0.9739855908797,86.0,5.8840515453761215
6,NSGA2,15.2819833755415,0.9744171094958031,90.0,5.041499021807206
6,NSGA2,12.365434586210764,0.9734298291263006,81.0,5.51911016677706
6,NSGA2,2.7281988394135475,0.9572596134385392,23.0,1.31029267634526
6,NSGA2,3.121891166957224,0.9706765661662565,31.0,1.459961033046533
6,NSGA2,0.2627706917886783,0.8767628287230081,5.0,0.47798388317912494
6,NSGA2,0.30172742721161955,0.9684100390092685,72.0,0.10951899058087247
6,NSGA2,12.426772008283878,0.9734439558197681,63.0,5.455624836221454
6,NSGA2,3.675062208571502,0.9406913766349853,12.0,3.2477291703340585
7,NSGA2,0.18950462900587142,0.694683017134521,0.0,0.29967077184796065
7,NSGA2,0.10922692174853356,0.9684089522778173,73.0,0.047685701694077015
7,NSGA2,0.0956322885661834,0.9622076656834644,41.0,0.05833589430871249
7,NSGA2,0.1253748037560142,0.6752875788718992,31.0,0.18146796873412305
7,NSGA2,10.386774237126753,0.9740145134565937,68.0,5.58146746256804
7,NSGA2,4.700911243875586,0.9724566913542333,116.0,1.2587707178245822
7,NSGA2,1.1010377511448097,0.7278242085103759,14.0,2.0654083689880736
7,NSGA2,1.2285256817763512,0.7252068295440086,8.0,2.239127568715635
7,NSGA2,10.261027315504899,0.9738953869229598,81.0,5.416474622895691
7,NSGA2,7.66569491330766,0.973685652811854,64.0,4.12571663068516
7,NSGA2,9.896084118629426,0.9735938870289212,59.0,3.2968835106649728
7,NSGA2,8.890495300402113,0.9734267371228089,54.0,2.986075535866243
7,NSGA2,4.703438084863833,0.9724566913542333,88.0,1.2598834605684832
7,NSGA2,0.6309851613373382,0.7146710924691263,27.0,0.5949507186380082
7,NSGA2,6.369378765400584,0.9731833957602909,64.0,3.414317639198954
7,NSGA2,5.014162099901135,0.9725108064537448,84.0,1.3447812369784988
7,NSGA2,8.742422348136955,0.9729355881277562,51.0,2.9125658952112388
7,NSGA2,0.5336948752830627,0.9705585269116708,100.0,0.43420438552678575
7,NSGA2,5.42125460965678,0.9730225749511702,62.0,2.890038669957286
7,NSGA2,7.34600418484676,0.973685652811854,72.0,4.016513761322625
7,NSGA2,4.89823268699391,0.9732351556227657,108.0,2.60665075446386
7,NSGA2,6.50299078290451,0.9734417509455924,68.0,3.5108659967935743
7,NSGA2,0.1384510448490559,0.692533270793877,5.0,0.14672160962030198
7,NSGA2,0.9776496261586661,0.7263354952372096,19.0,1.680127753539481
7,NSGA2,6.96680244140639,0.9724429232580617,65.0,2.199641199699691
7,NSGA2,0.12973619493755353,0.6752875788718992,3.0,0.182550812477263
7,NSGA2,0.8668404468203734,0.7249004764039385,0.0,0.7742116594447616
7,NSGA2,0.4845200313242271,0.7139266694839669,19.0,0.9743981977384839
7,NSGA2,7.574207250007843,0.9738512178474719,76.0,4.078121041652532
7,NSGA2,0.48456450388752736,0.7139266694839669,18.0,0.9746166545130197
7,NSGA2,0.3931013433351408,0.9703398871236975,39.0,0.1555067356163475
7,NSGA2,0.15023709598349164,0.703337972244094,8.0,0.12778574377405
7,NSGA2,0.11506058428328891,0.9684089522778173,45.0,0.05361784460124198
7,NSGA2,6.550104878664823,0.9733760065409023,69.0,3.510578439462601
7,NSGA2,8.338098126299094,0.9738144561555295,66.0,2.78330397911346
7,NSGA2,4.773127047180836,0.9724043485395971,57.0,1.5085752686434806
7,NSGA2,1.1469786876957688,0.727267973573295,13.0,2.129574186026616
7,NSGA2,5.3638485962785,0.9730225749511702,71.0,2.860142179241493
7,NSGA2,7.332452735410228,0.9735330888831434,57.0,2.4469488200200185
7,NSGA2,8.338098747145,0.973828919278128,66.0,2.783133431418348
7,NSGA2,1.0808716687867568,0.7264999655011212,14.0,1.9827370118757173
7,NSGA2,1.1551078708461597,0.9719950006603714,59.0,0.915298100551792
7,NSGA2,0.6545477447163764,0.7098424864988654,8.0,0.4461873715819176
7,NSGA2,0.6598218548009547,0.9692323131981094,33.0,0.300682548739355
7,NSGA2,4.773002561906288,0.973065797777485,104.0,2.5487688875877814
7,NSGA2,4.7743768678831255,0.9728990275520579,103.0,2.539185783308041
7,NSGA2,0.6604236651098412,0.9712771651231902,57.0,0.6003430454235276
7,NSGA2,10.38668550121968,0.9739100443572045,67.0,5.579800806075312
7,NSGA2,0.7290092872499295,0.9703734663193845,33.0,0.3304175573230914
7,NSGA2,0.8552046147697322,0.971830123952322,30.0,0.41887733577164826
8,NSGA2,0.15893200850196182,0.6874434753673111,0.0,0.16857020643754686
8,NSGA2,10.502061127042829,0.9743105746110159,165.0,5.438945719217979
8,NSGA2,15.166152946658853,0.9745034413753596,77.0,8.085231461912448
8,NSGA2,0.11331497491738898,0.9685100613637412,67.0,0.058427157464819635
8,NSGA2,0.11141817859175124,0.664881026225684,20.0,0.15130310706197878
8,NSGA2,0.09874252824115431,0.9634809824293545,63.0,0.07186100337017111
8,NSGA2,13.99998419071076,0.9749318035214528,118.0,4.642568157821412
8,NSGA2,1.1010062852579643,0.7248420552547962,13.0,1.4027674972454378
8,NSGA2,0.10457932176541404,0.9616195034450731,29.0,0.07944127649554668
8,NSGA2,11.422322264670468,0.9738855138070797,63.0,6.283869174028085
8,NSGA2,1.2593380319534573,0.9713846508717255,51.0,1.0633623491227744
8,NSGA2,7.107221767207861,0.974009533979047,132.0,2.658947197255244
8,NSGA2,3.126447054540035,0.9725754481980039,90.0,1.7114444782626876
8,NSGA2,3.4522610233872126,0.9722757342454592,152.0,1.1161353137766423
8,NSGA2,14.051120042295285,0.9744000368274849,83.0,7.520397648506209
8,NSGA2,13.93603979222474,0.9748830817758571,160.0,4.669504077395665
8,NSGA2,13.944393035826124,0.9748416965223062,136.0,4.677605186592316
8,NSGA2,10.518435684608836,0.9747741229721891,105.0,3.504144498316835
8,NSGA2,14.86239647498047,0.9746660630457047,84.0,4.913705877793115
8,NSGA2,0.1394400920496809,0.7053949453538075,6.0,0.12346075768510759
8,NSGA2,12.370455702339342,0.9746392952029143,88.0,4.277018656973066
8,NSGA2,12.639952140546193,0.9747104616754773,88.0,4.2240614172831155
8,NSGA2,11.213417625120254,0.9738855138070797,66.0,6.114548647802121
8,NSGA2,0.5031666151369628,0.7087697515652774,1.0,0.33128685363873167
8,NSGA2,4.7120619873093155,0.9719984009889885,76.0,1.5948718007105813
8,NSGA2,6.98758396485749,0.9734412024216116,82.0,2.324915225488286
8,NSGA2,8.137122987169395,0.9741025422734993,115.0,2.726847659597468
8,NSGA2,7.5879589366976425,0.9739264963196107,101.0,4.100718649513338
8,NSGA2,3.5092119775215274,0.9725320573948076,75.0,1.9597744156796095
8,NSGA2,8.661499675936385,0.973997555211584,111.0,3.0038616749856226
8,NSGA2,5.204866053192205,0.9732337737639144,112.0,1.994835093299123
8,NSGA2,10.191878308861169,0.9736991032653648,54.0,3.3881056348610077
8,NSGA2,0.42860767841439346,0.9691098188564048,38.0,0.20671504862267998
8,NSGA2,9.533376932231835,0.9739530991805031,85.0,3.2021576788013904
8,NSGA2,11.27289400366209,0.9740504969586437,96.0,3.801593360537477
8,NSGA2,14.268547204396102,0.9747605373995791,79.0,7.737342647885536
8,NSGA2,9.842854017489065,0.9742273305144995,98.0,3.270145100346038
8,NSGA2,11.11849904466293,0.973865449335945,76.0,3.7706512081336627
8,NSGA2,6.5684736234541665,0.97351643119214,116.0,2.1672803134744143
8,NSGA2,5.743815893522569,0.973020928510958,54.0,1.9126803661705982
8,NSGA2,7.545397048281844,0.973597422506016,79.0,3.982985903541031
8,NSGA2,0.8295205939479164,0.9670392596266432,27.0,0.3979040988688174
8,NSGA2,5.486845808626308,0.9732525764068569,67.0,3.057329790371546
8,NSGA2,0.8315453681090371,0.722615652636768,0.0,0.6488403751840931
8,NSGA2,5.736936523204464,0.973020928510958,72.0,1.9103946249378456
8,NSGA2,8.746564390131246,0.9739382903281407,78.0,2.9473429870633376
8,NSGA2,0.8807214678436375,0.9719464121687826,98.0,0.7490080026836159
8,NSGA2,9.035323108556042,0.9734990883859722,57.0,3.1020410282141055
8,NSGA2,0.7409838094461385,0.9704633099519309,37.0,0.511260376191901
8,NSGA2,0.1380511267039493,0.9654053503995914,32.0,0.09036348041207118
9,NSGA2,0.09557489015078977,0.9634418903474603,154.0,0.05805319449069765
9,NSGA2,0.8915482325310085,0.9718305380578577,182.0,0.6556890441136106
9,NSGA2,0.11341330908297573,0.6736861008775338,0.0,0.13378035387135864
9,NSGA2,44.71322270171232,0.9738596767298936,66.0,20.696049200532375
9,NSGA2,0.10993720409085868,0.9683974418168781,162.0,0.04770610692314761
9,NSGA2,13.974620448345842,0.9749318035214528,94.0,4.635411255587787
9,NSGA2,5.147077326889478,0.725387799523401,16.0,2.0294837599548674
9,NSGA2,0.1341055443602209,0.8815882055501187,44.0,0.06955199895322159
9,NSGA2,24.12040356946679,0.7241041576004384,14.0,9.109933687797483
9,NSGA2,42.491704110358555,0.9730763592711758,54.0,19.454730560051846
9,NSGA2,35.584826712487114,0.973438946749842,55.0,16.39954902415926
9,NSGA2,33.55329737306224,0.9729531132382897,55.0,15.65957252412432
9,NSGA2,21.08427783609706,0.9720669004259496,45.0,6.8344543251892675
9,NSGA2,3.11177958447218,0.9728782474164783,111.0,1.0615920163973154
9,NSGA2,0.30186151580832676,0.9392789991914764,21.0,0.1630502903231615
9,NSGA2,44.392626347647926,0.9740837126462554,77.0,14.624204319864015
9,NSGA2,22.82931209509511,0.724737061764166,15.0,8.6838310028501
9,NSGA2,14.65500997817903,0.9735962830103151,61.0,6.904324811719585
9,NSGA2,0.10039127377611823,0.9632308218837465,125.0,0.07247902976399118
9,NSGA2,35.36805014792084,0.9736664910329207,70.0,11.755982632520508
9,NSGA2,35.36805014792084,0.9736153766204132,66.0,11.755982632520508
9,NSGA2,3.9608484925470537,0.9651954015111035,23.0,1.6413508653177753
9,NSGA2,0.5515725563719714,0.9705040687561481,134.0,0.2475332377588243
9,NSGA2,0.31551670890427125,0.9043703107735583,17.0,0.1981048632338556
9,NSGA2,11.631991548609765,0.9735452122427033,56.0,5.547443349375553
9,NSGA2,9.200646510790648,0.9727866811985985,74.0,3.0320381008576094
9,NSGA2,11.020596254002449,0.9745420349804208,103.0,3.665388691932195
9,NSGA2,0.13225935022380922,0.9684736786902474,182.0,0.12117390519933381
9,NSGA2,0.10238582389126524,0.9639037173657025,147.0,0.0870264135074815
9,NSGA2,12.97197382533689,0.9740504969586437,72.0,4.3308545221318
9,NSGA2,0.14385624205333405,0.7022213647975141,0.0,0.11037062506531438
9,NSGA2,14.60959029388641,0.9735962830103151,61.0,7.017823023128167
9,NSGA2,0.13471486702682392,0.6801908820880623,0.0,0.20654799429668033
9,NSGA2,7.893262329358792,0.9740646642988795,110.0,2.6303696893748945
9,NSGA2,6.817819950073928,0.972428588517583,47.0,2.3187351295696392
9,NSGA2,0.9302093915742057,0.9720482817101582,30.0,0.43255748383226084
9,NSGA2,44.481373878370206,0.9741591534172541,77.0,14.657504113852742
9,NSGA2,7.672426972689294,0.9732609812568472,92.0,2.5592847573925357
9,NSGA2,0.8211274375805128,0.9485887697041672,17.0,0.3836659882979788
9,NSGA2,0.7494391685657373,0.711466563865081,6.0,0.440839625477607
9,NSGA2,6.766109615175579,0.7214059860025559,1.0,3.4985741566658053
9,NSGA2,0.10003509120175391,0.8866567904303835,45.0,0.07111980857343674
9,NSGA2,10.712273530577399,0.9733790480973968,56.0,5.032102580789562
9,NSGA2,13.985881701188331,0.9743105820082081,99.0,4.609166084752165
9,NSGA2,10.294041733768779,0.9738367243107039,71.0,3.4719561942710455
9,NSGA2,43.25926208016396,0.9731546515736836,54.0,19.848444577024257
9,NSGA2,14.368224759557162,0.974241200141956,83.0,4.749212223372811
9,NSGA2,0.3154251185717066,0.903986417103948,17.0,0.19798913717772687
9,NSGA2,44.71322270171232,0.9738596767298936,66.0,20.696049200532375
9,NSGA2,14.254905156419158,0.9748685298959523,85.0,4.7259782712231235
0,AGEMOEA,0.09988213869415173,0.9651640558032629,60.0,0.07330737839943231
0,AGEMOEA,0.10875698465921257,0.9642169489051478,17.0,0.08319364534227772
0,AGEMOEA,0.09648823456943348,0.9647986648010771,98.0,0.05916263904200273
0,AGEMOEA,2.0113887350373827,0.9714922861480116,4.0,0.8105876154011729
0,AGEMOEA,2.7444060962859096,0.9729460286933381,32.0,1.8475485468204114
0,AGEMOEA,0.11683667700150727,0.9670716502658222,25.0,0.0869044901020606
0,AGEMOEA,3.6987560651541362,0.9734479158096299,10.0,1.4736942281840164
0,AGEMOEA,10.55718201470161,0.9745827085633728,16.0,5.034221376606934
0,AGEMOEA,0.6102059631290729,0.9721431750763327,32.0,0.6514434483183074
0,AGEMOEA,0.10848544436616142,0.9649423762640461,0.0,0.10776451265966772
0,AGEMOEA,0.10373616058020745,0.9683013206240237,57.0,0.05173746654645629
0,AGEMOEA,2.217569406260784,0.9724672340668861,5.0,1.2859863260351372
0,AGEMOEA,0.10788374713516533,0.9649423762640461,0.0,0.10778456940690705
0,AGEMOEA,0.6358053324115304,0.9692974369134003,0.0,0.43151983047697473
0,AGEMOEA,0.40642156185592937,0.9698181882433919,31.0,0.4040950677462991
0,AGEMOEA,0.6445659688294888,0.9713600185250438,21.0,0.6286816060476471
0,AGEMOEA,1.63697234107731,0.9722385157232657,96.0,1.0576795040221199
0,AGEMOEA,0.6980277045127679,0.9717193410518931,59.0,0.4341005254414834
0,AGEMOEA,0.5408730210946452,0.9696935229232896,17.0,0.5463720843510818
0,AGEMOEA,0.15726583236863703,0.9690239488964809,82.0,0.11055261868815401
0,AGEMOEA,0.444741858690032,0.9694192191138803,44.0,0.34978130479626696
0,AGEMOEA,0.14168594763801853,0.9688644597738294,15.0,0.11873263272676493
0,AGEMOEA,0.5275590496504117,0.9701634881426142,67.0,0.21156360102084873
0,AGEMOEA,1.5299706164969518,0.971638618254928,19.0,1.0611070634896673
0,AGEMOEA,1.4561512628610258,0.9706169953483499,15.0,0.9847954323343858
0,AGEMOEA,0.12577990145577955,0.9687859844083248,37.0,0.07652716074209341
0,AGEMOEA,6.980254641476411,0.9745661927286723,94.0,2.0579302219346802
0,AGEMOEA,0.4351138024573349,0.9699456737994914,155.0,0.22531800194479606
0,AGEMOEA,0.12428246257236582,0.9682432065993769,0.0,0.08635008656219917
0,AGEMOEA,0.5647441030528252,0.9713131568852988,109.0,0.3521461573771237
0,AGEMOEA,7.0772906028693905,0.9756478143690428,21.0,3.4218552168074337
0,AGEMOEA,2.9405973223029087,0.9732086617605195,57.0,0.868558220890872
0,AGEMOEA,0.5694028001700944,0.9689933533678029,19.0,0.2734206355307765
0,AGEMOEA,6.892928781539896,0.9754114572604992,113.0,3.302866984495085
0,AGEMOEA,8.219865814376073,0.9757067361260011,40.0,4.029277715907991
0,AGEMOEA,2.1555057158634825,0.9729115992264796,37.0,1.4817536241678886
0,AGEMOEA,2.174179250508485,0.9724892233063143,29.0,0.974683312082426
0,AGEMOEA,2.964224718252222,0.9739119311175104,0.0,1.482922586916553
0,AGEMOEA,13.048916847783932,0.9757629088312789,26.0,6.643663982795659
0,AGEMOEA,11.268255050618178,0.9758290573491887,139.0,5.3254412950256285
0,AGEMOEA,10.572896237120133,0.9745827085633728,16.0,4.999276942995628
0,AGEMOEA,13.191175126122976,0.9760027465414737,26.0,6.167840199855532
0,AGEMOEA,0.5826436276357516,0.9712714598872406,24.0,0.366173720151557
0,AGEMOEA,0.7149506953602347,0.9717580038617403,43.0,0.4287825238062796
0,AGEMOEA,0.6813222415452361,0.9716943889723348,95.0,0.42990469495857675
0,AGEMOEA,0.45883583541195483,0.9700978328200421,149.0,0.30077362377097155
0,AGEMOEA,0.3753877197619578,0.9700740574701843,85.0,0.3702375602039896
0,AGEMOEA,3.7521447199572626,0.9743787239616448,0.0,1.810906870727306
0,AGEMOEA,2.6463177332344454,0.972533263710629,17.0,1.4821696770498063
0,AGEMOEA,0.09664742669233915,0.9648481223604131,38.0,0.059740195241841335
1,AGEMOEA,0.591722133546226,0.9717670683691224,88.0,0.553233078981887
1,AGEMOEA,0.7378278251679726,0.9711734896111562,7.0,0.6726602694748796
1,AGEMOEA,0.8572065022448406,0.9716210235716679,43.0,0.5450577790777665
1,AGEMOEA,1.041741266376517,0.9721619970882188,35.0,0.9942756184693687
1,AGEMOEA,0.6212682811423661,0.9720273906699879,18.0,0.6677646502896837
1,AGEMOEA,0.10291271102146893,0.9681841427327244,73.0,0.05160324585536411
1,AGEMOEA,3.130571047041197,0.9729415124934682,93.0,1.7149209342705118
1,AGEMOEA,1.0183049368654755,0.9721619970882188,71.0,0.9826410455916753
1,AGEMOEA,12.621890420282032,0.9753007177559072,76.0,6.746039814918053
1,AGEMOEA,0.6452202134969077,0.9697836359158238,13.0,0.3843080635537168
1,AGEMOEA,7.107949713120249,0.9734328118867703,159.0,2.364535371885178
1,AGEMOEA,0.5304577810138618,0.9704161176035914,19.0,0.5755208669396041
1,AGEMOEA,11.308448603923287,0.9746491758045581,32.0,5.617218493760939
1,AGEMOEA,1.385933536305533,0.9703698201074153,0.0,0.9302620329229726
1,AGEMOEA,0.5255802509239984,0.9714318395012635,111.0,0.3253763015078587
1,AGEMOEA,0.30514254832446686,0.9697786621336454,103.0,0.17338821546679992
1,AGEMOEA,2.3309974194241976,0.9711867625725122,0.0,0.9170670953950854
1,AGEMOEA,0.10961748298907074,0.9642722384505212,32.0,0.08321758653719008
1,AGEMOEA,0.10809974238455741,0.9648609956589476,0.0,0.10830161907897627
1,AGEMOEA,0.8613659134174254,0.9716210235716679,7.0,0.5522545480509817
1,AGEMOEA,7.91762644322921,0.9748247350643914,123.0,3.0534446933371298
1,AGEMOEA,0.13141377953232114,0.9685651349942725,19.0,0.09523005975308388
1,AGEMOEA,9.144706440454813,0.9736524049795154,29.0,4.808231362283783
1,AGEMOEA,1.8567065399767142,0.972332656363983,60.0,0.8678504821531048
1,AGEMOEA,18.58397202045349,0.9752521853679729,37.0,9.818812689959206
1,AGEMOEA,7.193371816191815,0.9742016575154164,80.0,3.852613388492481
1,AGEMOEA,0.5087587402659874,0.9706698976518883,58.0,0.24151253737996653
1,AGEMOEA,3.7038764912936806,0.9733398187913995,27.0,2.066364445363975
1,AGEMOEA,10.571788679596033,0.9734948202865084,54.0,4.021781535239065
1,AGEMOEA,0.10972798570054931,0.967113383588253,27.0,0.06841919677772461
1,AGEMOEA,0.12389554744382211,0.9681938595240691,0.0,0.08546069315501229
1,AGEMOEA,18.856499992345412,0.975289979696232,62.0,9.940533308939647
1,AGEMOEA,3.6767647073658343,0.9725886306602161,72.0,1.2478208398394957
1,AGEMOEA,0.09947310961412369,0.9641797431847733,63.0,0.07399105425665173
1,AGEMOEA,8.230294561661788,0.9750088409119582,69.0,4.491749004442628
1,AGEMOEA,12.493125322402882,0.9752069152191224,119.0,4.745950013738364
1,AGEMOEA,11.049284360913417,0.9737790307461349,58.0,5.806951709615341
1,AGEMOEA,0.10809869728379068,0.9648065839757686,0.0,0.10830550576107344
1,AGEMOEA,0.40203134705270094,0.9687833837487374,40.0,0.2516099701811355
1,AGEMOEA,0.6140337407080788,0.9691347248180711,0.0,0.5157799570277761
1,AGEMOEA,0.5859958660793482,0.971392743322742,39.0,0.34913413928853543
1,AGEMOEA,5.00052570545742,0.9724051583188136,4.0,2.752065411438916
1,AGEMOEA,2.6399394254132993,0.9722446272532433,4.0,1.2151140657923536
1,AGEMOEA,0.5257881016145909,0.9692110483483761,7.0,0.4542687038668834
1,AGEMOEA,0.3562043250136683,0.9698905548880122,57.0,0.27033652138994535
1,AGEMOEA,0.2079643427356818,0.9683013206240237,94.0,0.07927945452111422
1,AGEMOEA,1.8970339528105904,0.9726417806494271,37.0,1.3353456469216671
1,AGEMOEA,2.9208738559661844,0.9726169883290786,18.0,1.9143930638504127
1,AGEMOEA,5.3205228712152035,0.9733602569978147,15.0,2.906225822150676
1,AGEMOEA,1.9100271131732183,0.9720449249031923,17.0,1.225399129870455
2,AGEMOEA,0.17189898731367437,0.9692198564378169,7.0,0.25630922206698686
2,AGEMOEA,0.11559451169545833,0.9673328603964579,18.0,0.07246248153584071
2,AGEMOEA,0.1163534706894902,0.9669301527984114,0.0,0.10222748189713426
2,AGEMOEA,7.597721071134964,0.9754654432924044,37.0,4.081259081108178
2,AGEMOEA,0.4037031901734327,0.9701049941777887,32.0,0.5016252018124951
2,AGEMOEA,0.10159190074836902,0.9671802696733894,81.0,0.05506320227549042
2,AGEMOEA,2.53766744563085,0.9721030398186337,20.0,1.5867646798523876
2,AGEMOEA,0.10287512508477406,0.9682335043889576,74.0,0.05229612304022753
2,AGEMOEA,0.30278947318772403,0.969671509135754,115.0,0.12195496821299899
2,AGEMOEA,1.818600271623988,0.9727629457607707,37.0,1.2898480891499169
2,AGEMOEA,1.9237729881990926,0.9724413276980567,44.0,0.8963645312215113
2,AGEMOEA,6.1708979728193665,0.9746216686745255,123.0,1.6888869379963616
2,AGEMOEA,12.99783419860737,0.9760869487092583,44.0,6.982639391276963
2,AGEMOEA,9.134956902809723,0.9752659163776853,73.0,2.834508934770047
2,AGEMOEA,9.592444868202474,0.9759819118031782,31.0,5.190572057960522
2,AGEMOEA,0.11632482947037938,0.9654820995252027,12.0,0.091314671711409
2,AGEMOEA,2.084727562040633,0.972350128172568,22.0,0.967932566934368
2,AGEMOEA,0.5831962417835838,0.9717193410518931,21.0,0.40608387576149546
2,AGEMOEA,0.6543347717245688,0.9720476388361915,31.0,0.6800927218734594
2,AGEMOEA,1.4465570562199233,0.9710838273194926,18.0,0.6905716116926287
2,AGEMOEA,0.6201220619881447,0.9720302702622928,69.0,0.6391653147870475
2,AGEMOEA,2.7532823465828162,0.9725879074238422,12.0,1.2418048490402807
2,AGEMOEA,3.638681538315984,0.973348804131742,51.0,1.044211332836649
2,AGEMOEA,0.4889941234935424,0.9703298641584254,119.0,0.18964633860908642
2,AGEMOEA,0.37018462423300014,0.9694236734180719,27.0,0.250552381395407
2,AGEMOEA,0.5187775481554375,0.9715849571213557,75.0,0.34599408979060287
2,AGEMOEA,12.914356164784953,0.9760025437115151,39.0,6.852792765662057
2,AGEMOEA,0.13619270200536573,0.968320395394528,11.0,0.14499130371922828
2,AGEMOEA,2.8621081927441376,0.9739194305557347,11.0,1.2860481595299667
2,AGEMOEA,6.5834141668391135,0.9752451509087409,34.0,2.640096583781909
2,AGEMOEA,3.729833011510415,0.9741625248610893,17.0,1.4697792582256874
2,AGEMOEA,2.5065823447324695,0.9716140139038156,3.0,1.090865201387618
2,AGEMOEA,0.12509138642266018,0.9685464980678412,38.0,0.07526250419360983
2,AGEMOEA,0.588202419465923,0.9690936363089243,0.0,0.36145616902743427
2,AGEMOEA,0.5245077147455518,0.9704240119253003,61.0,0.22371903386004915
2,AGEMOEA,6.193396214516747,0.9746216686745255,98.0,1.749636611934245
2,AGEMOEA,0.6469558236672599,0.9697197726322523,10.0,0.5148862924206263
2,AGEMOEA,0.12446507875564243,0.9679911485008295,0.0,0.10186351711940707
2,AGEMOEA,3.8094867619570265,0.9744098181133087,4.0,2.0999793753477216
2,AGEMOEA,2.8962707545821074,0.9738191838732297,1.0,1.1729653691717044
2,AGEMOEA,2.93415081174035,0.9733266199009024,31.0,1.0056022276990966
2,AGEMOEA,2.8405202377278176,0.9732070568852779,94.0,0.7879770205654968
2,AGEMOEA,3.447305571798515,0.9729713836894854,67.0,0.9858855420977797
2,AGEMOEA,0.10821923748241684,0.9648609956589476,0.0,0.10768501152330272
2,AGEMOEA,3.647824434663207,0.9744401046767293,22.0,2.0468547895031484
2,AGEMOEA,2.144330460541109,0.9706280120005065,1.0,0.961887273060171
2,AGEMOEA,0.5085115411475067,0.9703298641584254,82.0,0.20113018870211302
2,AGEMOEA,8.956526747938014,0.9756457841358612,47.0,3.6599031791945293
2,AGEMOEA,0.09579231524741094,0.9647186444316022,41.0,0.05780605026886614
2,AGEMOEA,0.5438923402800151,0.9715290727576649,38.0,0.3330309285528708
3,AGEMOEA,0.11871650461777655,0.9649245082890272,0.0,0.16837478853794616
3,AGEMOEA,0.11658674623357379,0.9685729904315397,93.0,0.06272298131646838
3,AGEMOEA,0.09578451510412768,0.9646640203945159,37.0,0.05769698734071432
3,AGEMOEA,0.14521977679881332,0.9691429090216227,54.0,0.18620421444775992
3,AGEMOEA,1.8630227216122084,0.9706811085075946,8.0,0.8451279954564006
3,AGEMOEA,0.3854372984632361,0.9699084201724508,20.0,0.2982902404691772
3,AGEMOEA,0.90951875492394,0.9714172262368685,16.0,0.5188536353661827
3,AGEMOEA,0.5329155935464645,0.9713384351174033,27.0,0.3470056096089893
3,AGEMOEA,0.43040565219763743,0.9697783141748354,77.0,0.1691059524116604
3,AGEMOEA,0.8559617057417112,0.9715281156635117,15.0,0.5919375187955962
3,AGEMOEA,0.10258614514976269,0.9683013206240237,76.0,0.052525617237284
3,AGEMOEA,2.56816054496825,0.9723273973220878,42.0,1.1227861079510433
3,AGEMOEA,0.517613204798844,0.9704240119253003,98.0,0.22372659877977616
3,AGEMOEA,12.051734832711642,0.9735048301082437,28.0,5.793058813753524
3,AGEMOEA,0.33617726709119183,0.9694606022231755,34.0,0.2506817259305439
3,AGEMOEA,12.051734832711642,0.9735048301082437,28.0,5.793058813753524
3,AGEMOEA,0.2292099914614102,0.9690272327533954,0.0,0.22681520613488257
3,AGEMOEA,8.881495556712023,0.9737015702989721,72.0,3.471082659077454
3,AGEMOEA,0.124014374139088,0.9687374535263186,73.0,0.07422888337805358
3,AGEMOEA,0.10782461590073447,0.9648065839757686,0.0,0.10781849368721111
3,AGEMOEA,0.1425641374197465,0.9688216158290079,0.0,0.14681271786518582
3,AGEMOEA,0.10569702951770955,0.9683013206240237,42.0,0.05702301946207242
3,AGEMOEA,4.736679874734514,0.9727954175528167,69.0,1.9657884008208726
3,AGEMOEA,0.16106640717413817,0.9690021011590344,0.0,0.2746947543724632
3,AGEMOEA,0.11193223148268996,0.9684963970721445,40.0,0.05053159968022965
3,AGEMOEA,0.1239281661325804,0.9679911485008295,0.0,0.10167466211382373
3,AGEMOEA,0.10055871427602986,0.9650356994087305,13.0,0.07508510973357281
3,AGEMOEA,0.22616691960823124,0.969280000625038,19.0,0.21199266637731182
3,AGEMOEA,0.13819950704672962,0.9683822779117692,37.0,0.14114618693723235
3,AGEMOEA,0.5842682979420218,0.9714103552956034,75.0,0.44971559054790283
3,AGEMOEA,0.1392664437085198,0.9688641132168702,16.0,0.13442345330455402
3,AGEMOEA,0.12864152370534057,0.703907240259645,0.0,0.08691122011789562
3,AGEMOEA,6.424893473967461,0.9731137843348852,30.0,2.52099494281499
3,AGEMOEA,0.15108295841488315,0.9690072363532963,35.0,0.23240344192314383
3,AGEMOEA,0.22194573288173497,0.9680529185401859,3.0,0.13871827631897035
3,AGEMOEA,2.7614209078592142,0.9724507430871597,8.0,1.2113411842595179
3,AGEMOEA,0.12450706917978031,0.9682619997480262,11.0,0.08559355026942457
3,AGEMOEA,0.1223986220029176,0.9650094720802659,0.0,0.21467292357766424
3,AGEMOEA,0.1530408479499901,0.9689265200690832,0.0,0.19573557674078843
3,AGEMOEA,0.5850980032348,0.9715037249467187,38.0,0.42039394470487856
3,AGEMOEA,0.12514260262931134,0.9687374535263186,58.0,0.07881415563426966
3,AGEMOEA,0.1597763530707189,0.9688762886338231,23.0,0.09497200735026302
3,AGEMOEA,0.1627652463618704,0.9683454811823823,14.0,0.10850525025503285
3,AGEMOEA,0.44154325207602413,0.9696623231354953,76.0,0.2764560172507306
3,AGEMOEA,0.18572416119492396,0.9689316673828596,33.0,0.19068393241900541
3,AGEMOEA,0.10160942053364017,0.9683013206240237,91.0,0.049659467490072134
3,AGEMOEA,9.314820590861896,0.9734868912601501,33.0,4.495431617095062
3,AGEMOEA,0.0995192212918335,0.9651640558032629,51.0,0.07577572567854017
3,AGEMOEA,0.2905267806559641,0.9698062978315369,101.0,0.12190625118588708
3,AGEMOEA,0.10808697654597771,0.9682002151734955,28.0,0.06447156270702091
4,AGEMOEA,0.0840031159735068,0.9685109486012637,0.0,0.11392520842506496
4,AGEMOEA,1.650664987031329,0.9717209929444178,1.0,0.7208579598474865
4,AGEMOEA,0.6008121730060798,0.9711976894958354,20.0,0.42192252835607646
4,AGEMOEA,2.03274890885362,0.9729439407419177,16.0,1.01562223624142
4,AGEMOEA,1.9082755128072812,0.9728604328838246,49.0,0.6853151349923363
4,AGEMOEA,2.224990552870651,0.9714810576936167,0.0,0.9137820156413521
4,AGEMOEA,0.5516192847162386,0.9717120405111188,7.0,0.44366538277216194
4,AGEMOEA,6.935855448416948,0.9740023677335075,76.0,2.413590906369626
4,AGEMOEA,1.3953709144248088,0.9720945632456566,35.0,0.5824059202805526
4,AGEMOEA,4.348580157143665,0.9723195673254739,1.0,2.015127639529236
4,AGEMOEA,0.18987681820520771,0.9689729471352398,17.0,0.1309968711960019
4,AGEMOEA,0.7921524513400164,0.971102983841378,0.0,0.5452639714599644
4,AGEMOEA,3.5037910067079694,0.9723907211087732,3.0,1.5445699823634849
4,AGEMOEA,3.780820634391457,0.9715917067224383,0.0,1.6942813467193343
4,AGEMOEA,0.1308232143407158,0.9669213606054227,0.0,0.09575654981701577
4,AGEMOEA,3.20545403557298,0.9731400407383728,14.0,1.330975701296327
4,AGEMOEA,0.5838260722834444,0.9718042343317165,29.0,0.45749732319481323
4,AGEMOEA,3.6698313843910495,0.9733255179461692,22.0,1.6911054853645882
4,AGEMOEA,0.10772281276722429,0.9649423762640461,0.0,0.10747353259832021
4,AGEMOEA,1.8969686514832982,0.972283067656127,83.0,0.6636981013642217
4,AGEMOEA,0.45655750292257335,0.9700978328200421,77.0,0.29370281898902123
4,AGEMOEA,0.20304877087188852,0.969069667536271,4.0,0.19795380272888083
4,AGEMOEA,10.945287565640538,0.9745619880611417,77.0,4.636171697727928
4,AGEMOEA,3.391237877300276,0.9732884512450836,44.0,1.2205151889677643
4,AGEMOEA,0.4517063421336432,0.9697440002933129,95.0,0.23934842907500656
4,AGEMOEA,0.11958976385222686,0.968275137439463,70.0,0.06973149561996662
4,AGEMOEA,0.3086352968532108,0.9695467267090443,54.0,0.1784640542284796
4,AGEMOEA,13.44832536065116,0.9743987830423989,38.0,5.62799551431796
4,AGEMOEA,0.4381957431990748,0.9697836359158238,7.0,0.33043437549527943
4,AGEMOEA,9.613877377984755,0.9740529063483103,54.0,4.092107290433315
4,AGEMOEA,6.917991766655422,0.9737616502280331,76.0,2.406806116342032
4,AGEMOEA,0.08400030268898458,0.9685109486012637,0.0,0.11413414582797912
4,AGEMOEA,0.11917376358466668,0.9668446038082538,85.0,0.0700795862691905
4,AGEMOEA,0.07935814052266857,0.9679067564427458,16.0,0.08585173264577818
4,AGEMOEA,3.204862937016074,0.9731019244029431,97.0,1.3307040471209315
4,AGEMOEA,9.38800484868541,0.9741312441005823,162.0,3.1769760589999674
4,AGEMOEA,0.49025796083136053,0.9696970035473176,35.0,0.3237420340163665
4,AGEMOEA,10.333452832754869,0.9735233829534099,31.0,4.3702035316607715
4,AGEMOEA,0.4846995625836537,0.9701627926720926,25.0,0.3958452615505397
4,AGEMOEA,0.7495646758019442,0.9709904880946147,37.0,0.40290099719022143
4,AGEMOEA,12.780363475909034,0.9745831301387159,121.0,4.295738827565179
4,AGEMOEA,0.12291991301548386,0.9663263293050145,33.0,0.07171925775565677
4,AGEMOEA,12.527815363414197,0.974002169170776,45.0,5.152117954167489
4,AGEMOEA,1.5090641859083966,0.972072965155162,8.0,0.6367406613290391
4,AGEMOEA,2.6211122651276733,0.972212502494569,3.0,1.1032650914412245
4,AGEMOEA,0.083453690102282,0.968535212300158,52.0,0.11200008408679339
4,AGEMOEA,1.9122795304350937,0.9728814314001859,22.0,0.7843712405752111
4,AGEMOEA,2.264636206724653,0.9723363458127415,9.0,0.9286016633279237
4,AGEMOEA,0.5143792539772973,0.9717330849021414,42.0,0.325680312599445
4,AGEMOEA,10.964357488085673,0.9743828439191714,162.0,3.699294624491797
5,AGEMOEA,0.14172020237222918,0.9688700202588071,0.0,0.14377058235035733
5,AGEMOEA,0.5060078038926682,0.9715273345518696,59.0,0.26110678857809827
5,AGEMOEA,0.3009221552204404,0.9697965917415895,84.0,0.15594788516036415
5,AGEMOEA,0.09718511425722186,0.9648481223604131,27.0,0.0610830297267465
5,AGEMOEA,3.372847996723313,0.9727569970186891,4.0,1.4684190841204057
5,AGEMOEA,0.46918706373699043,0.97019734090672,114.0,0.18752794366502357
5,AGEMOEA,1.1693320918136094,0.9705612994875499,17.0,0.6032832764059854
5,AGEMOEA,3.7286966190444994,0.9735006353364299,0.0,1.609943935541349
5,AGEMOEA,0.510901174772024,0.9703298641584254,70.0,0.20625506363549412
5,AGEMOEA,8.232800049311072,0.9751896706288192,39.0,3.4495750846461517
5,AGEMOEA,0.10876836239994048,0.9649423762640461,0.0,0.1087382415735326
5,AGEMOEA,0.5657961409802403,0.9717193410518931,21.0,0.4045056886460835
5,AGEMOEA,7.394438417876514,0.9741101228177859,81.0,3.1149823214638954
5,AGEMOEA,6.175056247177848,0.9740306548539374,32.0,2.6449059050784274
5,AGEMOEA,1.6634658963705562,0.972171933144204,19.0,0.8283470266571117
5,AGEMOEA,7.069475839177792,0.9737057177549634,67.0,2.189339117856384
5,AGEMOEA,7.366811237345363,0.9741101228177859,44.0,3.1555493406273483
5,AGEMOEA,2.9368246322871268,0.972550371482467,0.0,1.2048870615599345
5,AGEMOEA,8.28071811119953,0.975041456603714,56.0,2.954560333363549
5,AGEMOEA,0.08496541986873389,0.9684433079422484,30.0,0.11797566719512552
5,AGEMOEA,0.9132501186418046,0.9718290923872268,20.0,0.5906445591348534
5,AGEMOEA,0.5487748554572309,0.9705136186409188,28.0,0.40385486598909937
5,AGEMOEA,2.333364909566616,0.9708262298193023,0.0,0.9354761909190835
5,AGEMOEA,14.074556249899747,0.9754888212369419,39.0,5.945937674585238
5,AGEMOEA,0.5041842568281093,0.9718524402307739,77.0,0.2984914257506516
5,AGEMOEA,0.07402889659207736,0.9683769026740624,74.0,0.06178984441138553
5,AGEMOEA,16.55471444647855,0.9754458497011579,74.0,5.642565333875464
5,AGEMOEA,11.843517468817494,0.9747016460649878,33.0,4.968532374049432
5,AGEMOEA,0.48571337680947346,0.9704240119253003,51.0,0.2245984898068117
5,AGEMOEA,0.11688465198685848,0.9670580311497287,6.0,0.10299935965888649
5,AGEMOEA,0.34620941391233023,0.9700147543200427,21.0,0.30036811870379726
5,AGEMOEA,3.5017558154537674,0.9734658496381915,43.0,1.2468914632808936
5,AGEMOEA,10.229246476886642,0.9745069165097068,22.0,4.0312465050250585
5,AGEMOEA,1.546404905737145,0.9726415769233375,39.0,0.6414737882082142
5,AGEMOEA,0.4584498178650258,0.9703298641584254,117.0,0.1835834419602117
5,AGEMOEA,0.11196519333465248,0.964997708287591,0.0,0.12414450878226896
5,AGEMOEA,0.14346526893239356,0.9682619997480262,11.0,0.10103704581728036
5,AGEMOEA,3.8968322194681284,0.9734449693878426,15.0,1.560016373557917
5,AGEMOEA,2.385873040685368,0.9725446324675825,24.0,1.1368960481755466
5,AGEMOEA,0.5279292879493014,0.971392743322742,39.0,0.3358888761333035
5,AGEMOEA,2.57006639006074,0.9722557933296208,4.0,1.0523141754056795
5,AGEMOEA,0.12473466640708945,0.9680655197245026,41.0,0.1046649195461946
5,AGEMOEA,0.14041092148708972,0.9688345293279212,52.0,0.14511503476231427
5,AGEMOEA,2.2639850979908718,0.9732007052426439,27.0,0.8572819386049122
5,AGEMOEA,13.130351353234701,0.9753590822412512,27.0,5.543328513972063
5,AGEMOEA,0.132043433212226,0.9658151400951199,24.0,0.08841562315624953
5,AGEMOEA,11.723861604407046,0.9753902332878833,74.0,4.052883454831773
5,AGEMOEA,2.20294015183453,0.971580415657335,0.0,0.9411450679594451
5,AGEMOEA,2.539953878419809,0.972680003975439,20.0,1.2765624097011121
5,AGEMOEA,0.5102084723370903,0.9690760102295329,11.0,0.2521854138839549
6,AGEMOEA,0.10422373598245188,0.9682335043889576,52.0,0.05254783627131789
6,AGEMOEA,0.10769381390159444,0.9671459141880968,20.0,0.07114343205558378
6,AGEMOEA,0.5224818190689153,0.9714318395012635,60.0,0.303223287092649
6,AGEMOEA,0.11586263341485226,0.9679911485008295,11.0,0.09109332201771018
6,AGEMOEA,0.47802824218606577,0.970772864489506,68.0,0.22142897537258036
6,AGEMOEA,2.5697554361759547,0.9702149521977141,15.0,1.3612174560297012
6,AGEMOEA,0.15674656507661172,0.9690072363532963,0.0,0.25934763716731857
6,AGEMOEA,0.3141361622770674,0.969612059571162,39.0,0.2011522359233089
6,AGEMOEA,0.11514576825997615,0.9650390725166038,16.0,0.0863341614419823
6,AGEMOEA,2.768997632621924,0.971085045189259,16.0,1.6520850763605268
6,AGEMOEA,0.3058860871983197,0.9696535133002088,96.0,0.18451012195993138
6,AGEMOEA,0.14012318484484038,0.9688216158290079,0.0,0.13860234359993426
6,AGEMOEA,0.13747176737606745,0.9683830954297412,11.0,0.15807952849734547
6,AGEMOEA,0.4706833760784998,0.9703298641584254,116.0,0.18403985149679192
6,AGEMOEA,0.1491277217197853,0.9689398412351884,19.0,0.2047451835772254
6,AGEMOEA,0.11585343764923912,0.9669301527984114,0.0,0.10186120553081768
6,AGEMOEA,0.10763840700964769,0.9648880860104859,0.0,0.1074955234808063
6,AGEMOEA,0.34447142839476547,0.9695066180544022,51.0,0.1747845081252766
6,AGEMOEA,0.13538612964154817,0.9688160469762377,14.0,0.11683370201526003
6,AGEMOEA,0.09590555427061419,0.9647936914706796,41.0,0.05989183104182264
6,AGEMOEA,0.35952137477892676,0.9695386142459068,37.0,0.3460910211391231
6,AGEMOEA,0.1608268553635818,0.9688762886338231,40.0,0.08639548519549799
6,AGEMOEA,0.5105195086092378,0.9704240119253003,47.0,0.23676073108983228
6,AGEMOEA,0.5809050455220891,0.9717571486746576,17.0,0.4635391416893521
6,AGEMOEA,0.1476921360543857,0.9682619997480262,17.0,0.10043141998586619
6,AGEMOEA,2.7554965737442836,0.9710132386083847,9.0,1.606796199795307
6,AGEMOEA,0.09590314477936951,0.9646640203945159,40.0,0.059891199276726884
6,AGEMOEA,0.11522703442864445,0.968401645404286,30.0,0.06054970785351143
6,AGEMOEA,0.12419496355962518,0.9687374535263186,73.0,0.07597493542818877
6,AGEMOEA,0.13040539852347716,0.9691156949217354,22.0,0.09723049418054427
6,AGEMOEA,0.5794864284577045,0.970329794799122,23.0,0.3746055232651785
6,AGEMOEA,0.39390025691617025,0.969794813409542,16.0,0.33389561859855366
6,AGEMOEA,0.12901179802505264,0.9691156949217354,58.0,0.09558178764007332
6,AGEMOEA,0.5408439599990594,0.9711773098541596,34.0,0.3697350069977465
6,AGEMOEA,0.5038680316797101,0.9702607042828588,61.0,0.21721026887898903
6,AGEMOEA,0.47389639246177173,0.9701634881426142,77.0,0.18935924021161835
6,AGEMOEA,0.561548278482303,0.9717193410518931,21.0,0.39598399147144925
6,AGEMOEA,0.47123397407710915,0.9703298641584254,116.0,0.1837656993383917
6,AGEMOEA,0.5403987420867903,0.9717580038617403,78.0,0.3384136881240584
6,AGEMOEA,0.31831668289198595,0.9698062978315369,67.0,0.13377152387731245
6,AGEMOEA,0.10195847729077001,0.9683505064240687,92.0,0.051868070020501325
6,AGEMOEA,0.5454330463307759,0.9717580038617403,42.0,0.3401959193332463
6,AGEMOEA,0.47815955665353793,0.969719408268562,37.0,0.29769336856262146
6,AGEMOEA,0.122564609456413,0.9681090137774627,25.0,0.09650190992557263
6,AGEMOEA,0.5429090761951683,0.9715037249467187,75.0,0.3813040377587432
6,AGEMOEA,0.37026276739491715,0.9693523650214698,26.0,0.2520564960282981
6,AGEMOEA,0.12374426596556173,0.9679911485008295,0.0,0.1014850628074061
6,AGEMOEA,0.11538148989066944,0.9674530681661018,24.0,0.07234073790903645
6,AGEMOEA,0.3713846210885798,0.9699494821505742,41.0,0.25293954137472674
6,AGEMOEA,0.4931037060349965,0.9697581548363534,54.0,0.2422214114669263
7,AGEMOEA,0.10874188004629742,0.9671968320594321,18.0,0.07155629455978495
7,AGEMOEA,0.5214062332271171,0.9703298641584254,85.0,0.22332182511728885
7,AGEMOEA,6.441274135598531,0.9729925835480686,51.0,3.1551776828608813
7,AGEMOEA,0.19987845372281102,0.9691143676934049,2.0,0.25387609132287164
7,AGEMOEA,0.12688684463632602,0.703283778166768,0.0,0.08607316294851487
7,AGEMOEA,0.12800350474585226,0.9683060544057333,0.0,0.09792657028374434
7,AGEMOEA,0.09807289995441866,0.9648481223604131,42.0,0.06860149654882683
7,AGEMOEA,0.15226069600344946,0.9689888531452832,0.0,0.2226412644827696
7,AGEMOEA,0.10324679116866703,0.9682335043889576,55.0,0.05084753947866198
7,AGEMOEA,0.9627920458873008,0.9714057689430293,26.0,0.6491684916538397
7,AGEMOEA,0.09682445179006745,0.9643622276058736,26.0,0.06169145515882469
7,AGEMOEA,8.63468166005339,0.9732448168112853,23.0,4.131127037445605
7,AGEMOEA,0.10013097332054295,0.9647369649674549,14.0,0.07466369164859013
7,AGEMOEA,0.12016565890591767,0.9685452900113005,57.0,0.05827417334469876
7,AGEMOEA,0.1257906541362831,0.9682955652954142,21.0,0.07889261576314427
7,AGEMOEA,0.11613458901190012,0.9675899287129095,27.0,0.0627568860358976
7,AGEMOEA,0.28183584801334355,0.9697714651569658,122.0,0.12135547620847306
7,AGEMOEA,0.13505002291337387,0.7042413701348114,4.0,0.090986944020033
7,AGEMOEA,0.09938081110405156,0.9648663781108727,52.0,0.07578711877893671
7,AGEMOEA,0.16437903473615037,0.9692947466462116,45.0,0.33060951530511395
7,AGEMOEA,3.1337898838756004,0.972325577997584,0.0,1.504003494652076
7,AGEMOEA,0.09618206754516881,0.9648481223604131,64.0,0.062281565312436414
7,AGEMOEA,14.462568060205276,0.9732556758638772,14.0,6.482919827524429
7,AGEMOEA,0.16389079037338647,0.9683705705966374,0.0,0.14788226293324358
7,AGEMOEA,0.14118018741496582,0.9684297242118542,39.0,0.05778771373561696
7,AGEMOEA,0.3433031861031842,0.9694717446805015,86.0,0.1728874379530248
7,AGEMOEA,0.15671886248112735,0.968545970507599,26.0,0.12998023126387973
7,AGEMOEA,0.11011956948217895,0.968266804747847,40.0,0.047771719225925754
7,AGEMOEA,0.716336637577934,0.970349874001241,124.0,0.2845572268922934
7,AGEMOEA,0.6241715313321827,0.9717583796046081,90.0,0.5715454501609762
7,AGEMOEA,0.12605163504664926,0.9648166266351672,0.0,0.13265173366420022
7,AGEMOEA,0.11707707540354147,0.9650152448238806,0.0,0.1739015576987056
7,AGEMOEA,0.3687859968350245,0.9695950205949719,18.0,0.2867617135093852
7,AGEMOEA,14.700424694826067,0.9733198665269694,41.0,6.576965925503917
7,AGEMOEA,2.130261149619631,0.971533354045004,39.0,0.9630820535075045
7,AGEMOEA,0.1775916948835606,0.9684175880433439,23.0,0.09401776826012173
7,AGEMOEA,43.42037248209399,0.9742131773410063,6.0,19.682753220761885
7,AGEMOEA,0.4302370244255278,0.9703484482117142,70.0,0.5064614999593472
7,AGEMOEA,0.14790706873973802,0.9685857367932806,46.0,0.07218809353675387
7,AGEMOEA,0.5585545469840556,0.9696742056904998,23.0,0.38031987057209776
7,AGEMOEA,0.21295599260845452,0.9691908305062713,18.0,0.17113961638124917
7,AGEMOEA,0.12054455365042627,0.9680673030687724,9.0,0.10805491762135722
7,AGEMOEA,0.1438923879816055,0.9689009192255512,34.0,0.1626606473555339
7,AGEMOEA,0.1109512863375652,0.964495507499907,0.0,0.12292462881407094
7,AGEMOEA,0.11019278875209251,0.9685090498248942,94.0,0.04883785864188797
7,AGEMOEA,0.103933930565569,0.9683505064240687,80.0,0.05608632733189464
7,AGEMOEA,0.13430038588858884,0.9691725527318241,63.0,0.12480822661933141
7,AGEMOEA,4.7496466774732,0.9721514414207392,154.0,1.2681882095234709
7,AGEMOEA,44.0407181363989,0.9741845369238963,19.0,17.995345067269028
7,AGEMOEA,0.12928117734934652,0.9686716764146549,78.0,0.09946820138843998
8,AGEMOEA,0.5217056273860289,0.9713311256641192,21.0,0.32154104153964913
8,AGEMOEA,1.0099301675619217,0.9718524402307739,93.0,0.4607125004575563
8,AGEMOEA,6.761280684114532,0.9736946512368253,19.0,2.674502370124536
8,AGEMOEA,3.505699664547897,0.9734658496381915,42.0,1.2251262378152807
8,AGEMOEA,2.015562287609868,0.9729502353618553,16.0,1.1630084520876764
8,AGEMOEA,0.5479911707533345,0.9716018464777737,8.0,0.3935165985815814
8,AGEMOEA,3.729581458879282,0.9735357554460473,0.0,2.0993846657867077
8,AGEMOEA,0.5211961110295746,0.9706422600565769,103.0,0.24224249998921124
8,AGEMOEA,2.270817559430484,0.9715245999834664,0.0,0.8864463083248633
8,AGEMOEA,0.1280495242302863,0.9681938595240691,0.0,0.08815649351658869
8,AGEMOEA,11.746201255727161,0.9755599255357896,74.0,3.9250230080520434
8,AGEMOEA,0.3987462131940139,0.9702431053374857,33.0,0.5254644528899889
8,AGEMOEA,8.497962410866428,0.9741603348239597,19.0,3.3633282921837004
8,AGEMOEA,1.528705930301538,0.9719124015398529,24.0,0.6481983683909543
8,AGEMOEA,16.48918027929399,0.9754774952041845,32.0,8.753285440875606
8,AGEMOEA,1.7999578000352434,0.9726154909557068,86.0,1.2608569555307927
8,AGEMOEA,16.657354495706464,0.9755047726838254,27.0,8.852300386356982
8,AGEMOEA,3.5138014404580455,0.9735814372397428,16.0,1.949071531081714
8,AGEMOEA,0.6283953377153584,0.9721258641628893,40.0,0.6396623656272602
8,AGEMOEA,6.808987987461012,0.9739424211306331,88.0,2.308782151008167
8,AGEMOEA,2.285278032727779,0.9733078418410483,0.0,1.3379911228641517
8,AGEMOEA,7.808389620973928,0.975062105564996,153.0,2.612980705147017
8,AGEMOEA,3.495227975885312,0.9733861382797833,123.0,1.2215639569322154
8,AGEMOEA,15.663308528486487,0.9755156939760367,73.0,5.215452298410938
8,AGEMOEA,8.079253773854818,0.9751638387206988,37.0,4.327757612123228
8,AGEMOEA,8.173460093385774,0.9745935385245528,65.0,2.7251036507722963
8,AGEMOEA,0.5568916983283877,0.9693918782451844,6.0,0.46133287421237096
8,AGEMOEA,0.5191564412620745,0.9709466756932974,42.0,0.2950747084743946
8,AGEMOEA,0.6413642636558257,0.9717419988060909,132.0,0.35018769172140385
8,AGEMOEA,1.3146318871018015,0.9707399816996892,7.0,0.6498301271262773
8,AGEMOEA,1.1446135830432196,0.9705912330540486,2.0,0.5862243688494936
8,AGEMOEA,2.0215498766771827,0.9728604328838246,44.0,0.710814076389802
8,AGEMOEA,0.882857829129779,0.9717580038617403,63.0,0.5023049674137253
8,AGEMOEA,0.07758571962130235,0.9681002856048485,60.0,0.07432450119374136
8,AGEMOEA,0.09017418360690757,0.9682294421090575,0.0,0.11654176702212277
8,AGEMOEA,11.435422860521484,0.9749331435882193,27.0,6.134561964312404
8,AGEMOEA,7.859123701141249,0.975062105564996,44.0,3.090777083813608
8,AGEMOEA,6.831284159004766,0.9741603348239597,52.0,2.3160605457046097
8,AGEMOEA,0.5109746188465089,0.9696539574306601,21.0,0.31543920448355606
8,AGEMOEA,6.480629369005212,0.9744471258813512,32.0,3.6051999269706623
8,AGEMOEA,0.3179520727729884,0.9691115640607256,74.0,0.207652054988587
8,AGEMOEA,3.479709995806089,0.9734106604013996,124.0,1.216022866575745
8,AGEMOEA,1.8496752048282414,0.9722160863516567,4.0,1.0969898520454977
8,AGEMOEA,1.734834124512888,0.9721413078371164,31.0,1.0138840960714348
8,AGEMOEA,0.08585789984067355,0.9682294421090575,0.0,0.11693752112692064
8,AGEMOEA,8.1635406965085,0.9751240062340655,164.0,2.727988344600385
8,AGEMOEA,2.240736255799509,0.9732115244548254,35.0,0.9163068797657236
8,AGEMOEA,13.877932354709408,0.9746441303517491,33.0,5.50968598988079
8,AGEMOEA,4.0469757303561735,0.9734483511751085,36.0,1.435696800929122
8,AGEMOEA,0.14109711911253273,0.9688160469762377,13.0,0.11299112334399058
9,AGEMOEA,2.632935799730921,0.9719795203401576,88.0,0.8105514636004661
9,AGEMOEA,0.1257105265434536,0.968115059360946,5.0,0.10779383232741241
9,AGEMOEA,0.11647650339950959,0.9669301527984114,0.0,0.10508063405549407
9,AGEMOEA,32.077721884047676,0.9735035260859473,24.0,12.281409385570711
9,AGEMOEA,0.5749195876659933,0.9718290923872268,56.0,0.44634563369352664
9,AGEMOEA,3.2387323944439608,0.973096313956938,84.0,1.1831639987884728
9,AGEMOEA,0.13848492158109135,0.9637348957633706,12.0,0.09069430034811886
9,AGEMOEA,0.10986365762061193,0.9663748563034403,23.0,0.07933321240322909
9,AGEMOEA,0.8036460922551482,0.9718290923872268,24.0,0.5814172776229105
9,AGEMOEA,8.042832350926153,0.9741058105275959,47.0,3.6926386177846195
9,AGEMOEA,3.747663792419806,0.9732915572648786,8.0,1.7110406395274984
9,AGEMOEA,0.38128541578410785,0.9694236734180719,39.0,0.2514590873516979
9,AGEMOEA,0.5614110525056869,0.9712714598872406,40.0,0.3538995768144492
9,AGEMOEA,1.883353950962729,0.9705354846437116,9.0,0.7567655348304098
9,AGEMOEA,0.12730606284345106,0.9687859844083248,22.0,0.0837629808668555
9,AGEMOEA,5.780314083797162,0.9733372827786242,39.0,2.4866569173556248
9,AGEMOEA,6.861203755158858,0.9734840744952697,71.0,2.1986528740634808
9,AGEMOEA,0.22138093978767,0.9690272327533954,0.0,0.21430177892827926
9,AGEMOEA,0.10794220667128664,0.9648065839757686,0.0,0.10772095942785377
9,AGEMOEA,0.7264487749969019,0.9718290923872268,26.0,0.5161664655174371
9,AGEMOEA,1.21642001916036,0.9693835792169333,15.0,0.7246238579545777
9,AGEMOEA,41.41235096461063,0.9743097144490341,18.0,17.430540024866954
9,AGEMOEA,35.947540062278755,0.9736532874086963,21.0,14.77184546820467
9,AGEMOEA,0.10087762395752617,0.9642169489051478,17.0,0.07819219588166677
9,AGEMOEA,2.389031317145734,0.9722893041683262,16.0,1.1414567853682849
9,AGEMOEA,0.2508663990656053,0.9681345347647099,8.0,0.18451935088713034
9,AGEMOEA,2.848885328485794,0.9721010493487569,1.0,1.3408705066113304
9,AGEMOEA,3.4584779001895645,0.9730237807931116,14.0,1.5819457270413597
9,AGEMOEA,0.14507486804016706,0.9689193528882452,33.0,0.16421975261996416
9,AGEMOEA,0.11166182049053125,0.9681841427327244,27.0,0.060144311841026456
9,AGEMOEA,0.4040921754511834,0.9700147543200427,19.0,0.3622676343291772
9,AGEMOEA,0.6176335289805651,0.9703037236060847,64.0,0.26227838328987035
9,AGEMOEA,0.12516457007172424,0.9683664975686761,77.0,0.06863386922244134
9,AGEMOEA,53.80276318101546,0.9749938725325688,26.0,23.37816922200199
9,AGEMOEA,0.135292037714523,0.9680603189651152,2.0,0.1467333076530974
9,AGEMOEA,0.1073278940780562,0.9649357509080476,18.0,0.105701704118209
9,AGEMOEA,6.968101538746747,0.9740964186263598,38.0,3.1497459254924873
9,AGEMOEA,11.176350164818878,0.9744095860626548,33.0,4.7623001605602004
9,AGEMOEA,0.10945516391292917,0.9673328603964579,30.0,0.0691240605992155
9,AGEMOEA,2.2446294462883563,0.9715245015167596,4.0,0.8848943876394179
9,AGEMOEA,0.1241060738147997,0.9680655197245026,5.0,0.10170571576916548
9,AGEMOEA,0.43456448923624996,0.9699084201724508,22.0,0.31788595632110256
9,AGEMOEA,53.46259870141406,0.9750283432765177,27.0,22.97372644288826
9,AGEMOEA,0.12094522163788322,0.9671231448178489,4.0,0.12542315057587036
9,AGEMOEA,0.1269219387458706,0.9687374535263186,58.0,0.08529024474520927
9,AGEMOEA,1.7401887846567394,0.9723465780984195,18.0,0.9378839392911362
9,AGEMOEA,4.899941497792242,0.9723975288796288,4.0,2.1282664654469206
9,AGEMOEA,0.10364980903494721,0.9683013206240237,76.0,0.05568915980737591
9,AGEMOEA,0.10770444778323655,0.9648880860104859,0.0,0.10785005522046923
9,AGEMOEA,13.129358475924807,0.9751990214007075,37.0,5.775328175350786
0,MOEA/D,0.1779685824513026,0.37007996851278047,0.0,0.09580799344481017
0,MOEA/D,0.1779685824513026,0.37007996851278047,0.0,0.09580799344481017
0,MOEA/D,0.1779685824513026,0.37007996851278047,0.0,0.09580799344481017
0,MOEA/D,0.1779685824513026,0.37007996851278047,0.0,0.09580799344481017
0,MOEA/D,0.1779685824513026,0.37007996851278047,0.0,0.09580799344481017
0,MOEA/D,0.18617315664365555,0.3718212446835436,0.0,0.13762515425369629
0,MOEA/D,0.1779685824513026,0.37007996851278047,0.0,0.09580799344481017
0,MOEA/D,0.1779685824513026,0.37007996851278047,0.0,0.09580799344481017
0,MOEA/D,0.20247060732338293,0.3721723774438411,0.0,0.24158403226308017
0,MOEA/D,0.1779685824513026,0.37007996851278047,0.0,0.09580799344481017
0,MOEA/D,0.1779685824513026,0.37007996851278047,0.0,0.09580799344481017
0,MOEA/D,0.1779685824513026,0.37007996851278047,0.0,0.09580799344481017
0,MOEA/D,0.1779685824513026,0.37007996851278047,0.0,0.09580799344481017
0,MOEA/D,0.1779685824513026,0.37007996851278047,0.0,0.09580799344481017
0,MOEA/D,0.1779685824513026,0.37007996851278047,0.0,0.09580799344481017
0,MOEA/D,0.3368314246046918,0.3722545476303374,0.0,0.2540639745711435
0,MOEA/D,0.1779685824513026,0.37007996851278047,0.0,0.09580799344481017
0,MOEA/D,0.1779685824513026,0.37007996851278047,0.0,0.09580799344481017
0,MOEA/D,0.1779685824513026,0.37007996851278047,0.0,0.09580799344481017
0,MOEA/D,1.3034441303761406,0.3737870319586222,0.0,0.655642937925829
0,MOEA/D,0.1779685824513026,0.37007996851278047,0.0,0.09580799344481017
0,MOEA/D,0.1779685824513026,0.37007996851278047,0.0,0.09580799344481017
0,MOEA/D,0.1779685824513026,0.37007996851278047,0.0,0.09580799344481017
1,MOEA/D,0.1859832131058146,0.5925829135085035,0.0,0.13720963292386243
1,MOEA/D,0.1859832131058146,0.5925829135085035,0.0,0.13720963292386243
1,MOEA/D,0.1859832131058146,0.5925829135085035,0.0,0.13720963292386243
1,MOEA/D,0.1859832131058146,0.5925829135085035,0.0,0.13720963292386243
1,MOEA/D,0.1859832131058146,0.5925829135085035,0.0,0.13720963292386243
1,MOEA/D,0.1859832131058146,0.5925829135085035,0.0,0.13720963292386243
1,MOEA/D,0.1859832131058146,0.5925829135085035,0.0,0.13720963292386243
1,MOEA/D,0.1859832131058146,0.5925829135085035,0.0,0.13720963292386243
1,MOEA/D,0.19671455075249444,0.5930858948676189,0.0,0.20257441724181904
1,MOEA/D,0.18403110860744445,0.5877316794607887,0.0,0.12663130480290521
1,MOEA/D,0.18403110860744445,0.5877316794607887,0.0,0.12663130480290521
1,MOEA/D,0.1859832131058146,0.5925829135085035,0.0,0.13720963292386243
1,MOEA/D,0.1859832131058146,0.5925829135085035,0.0,0.13720963292386243
1,MOEA/D,0.1859832131058146,0.5925829135085035,0.0,0.13720963292386243
1,MOEA/D,0.1859832131058146,0.5925829135085035,0.0,0.13720963292386243
1,MOEA/D,0.1859832131058146,0.5925829135085035,0.0,0.13720963292386243
1,MOEA/D,0.1859832131058146,0.5925829135085035,0.0,0.13720963292386243
1,MOEA/D,0.1859832131058146,0.5925829135085035,0.0,0.13720963292386243
1,MOEA/D,0.1859832131058146,0.5925829135085035,0.0,0.13720963292386243
1,MOEA/D,0.1859832131058146,0.5925829135085035,0.0,0.13720963292386243
1,MOEA/D,0.1859832131058146,0.5925829135085035,0.0,0.13720963292386243
1,MOEA/D,0.1859832131058146,0.5925829135085035,0.0,0.13720963292386243
2,MOEA/D,0.1779408148455301,0.3786809397790583,0.0,0.09578438309197186
2,MOEA/D,0.1779408148455301,0.3786809397790583,0.0,0.09578438309197186
2,MOEA/D,0.1779408148455301,0.3786809397790583,0.0,0.09578438309197186
2,MOEA/D,0.1779408148455301,0.3786809397790583,0.0,0.09578438309197186
2,MOEA/D,0.1779408148455301,0.3786809397790583,0.0,0.09578438309197186
2,MOEA/D,0.2254649608414427,0.3814904993560126,0.0,0.25594252639908777
2,MOEA/D,0.2254649608414427,0.3814904993560126,0.0,0.25594252639908777
2,MOEA/D,0.1892404111984963,0.3811043378664753,0.0,0.15471253718332412
2,MOEA/D,0.1779408148455301,0.3786809397790583,0.0,0.09578438309197186
2,MOEA/D,0.16970762246350438,0.3517017352861071,0.0,0.2421076308837251
2,MOEA/D,0.1779408148455301,0.3786809397790583,0.0,0.09578438309197186
2,MOEA/D,0.1779408148455301,0.3786809397790583,0.0,0.09578438309197186
2,MOEA/D,0.1779408148455301,0.3786809397790583,0.0,0.09578438309197186
2,MOEA/D,0.1779408148455301,0.3786809397790583,0.0,0.09578438309197186
2,MOEA/D,0.1779408148455301,0.3786809397790583,0.0,0.09578438309197186
2,MOEA/D,0.1779408148455301,0.3786809397790583,0.0,0.09578438309197186
2,MOEA/D,0.1779408148455301,0.3786809397790583,0.0,0.09578438309197186
2,MOEA/D,0.1779408148455301,0.3786809397790583,0.0,0.09578438309197186
2,MOEA/D,0.1779408148455301,0.3786809397790583,0.0,0.09578438309197186
2,MOEA/D,0.1779408148455301,0.3786809397790583,0.0,0.09578438309197186
2,MOEA/D,0.1779408148455301,0.3786809397790583,0.0,0.09578438309197186
3,MOEA/D,1.6666668192443974,0.3628745987221139,0.0,0.8026213364345168
3,MOEA/D,1.6666668192443974,0.3628745987221139,0.0,0.8026213364345168
3,MOEA/D,1.25713566879837,0.34902407899753757,1.0,0.6470829230379036
3,MOEA/D,1.6666668192443974,0.3628745987221139,0.0,0.8026213364345168
3,MOEA/D,1.25713566879837,0.34902407899753757,1.0,0.6470829230379036
3,MOEA/D,1.6666668192443974,0.3628745987221139,0.0,0.8026213364345168
3,MOEA/D,1.25713566879837,0.34902407899753757,1.0,0.6470829230379036
3,MOEA/D,1.6666668192443974,0.3628745987221139,0.0,0.8026213364345168
3,MOEA/D,1.3137219886088851,0.366005243617929,1.0,0.6378256128721568
3,MOEA/D,1.6666668192443974,0.3628745987221139,0.0,0.8026213364345168
3,MOEA/D,1.6666668192443974,0.3628745987221139,0.0,0.8026213364345168
3,MOEA/D,1.666666343714315,0.35590284356001844,0.0,0.8026123282462938
3,MOEA/D,1.6666668192443974,0.3628745987221139,0.0,0.8026213364345168
4,MOEA/D,0.22732481316037517,0.38150757747143876,0.0,0.3238600973436506
4,MOEA/D,0.1899424231867168,0.38084272525466856,0.0,0.1551232670290156
4,MOEA/D,0.1783474412898719,0.3786482384175483,0.0,0.09591114918825946
4,MOEA/D,0.1783474412898719,0.3786482384175483,0.0,0.09591114918825946
4,MOEA/D,0.16694654494100203,0.3741053407125385,0.0,0.10351704418490407
4,MOEA/D,0.1783474412898719,0.3786482384175483,0.0,0.09591114918825946
4,MOEA/D,0.3410725892271022,0.38150757747143876,0.0,0.28741637221866817
4,MOEA/D,0.1783474412898719,0.3786482384175483,0.0,0.09591114918825946
5,MOEA/D,0.18382839929881056,0.378320813488226,0.0,0.12288948155778409
5,MOEA/D,0.18382839929881056,0.378320813488226,0.0,0.12288948155778409
5,MOEA/D,0.18382839929881056,0.378320813488226,0.0,0.12288948155778409
5,MOEA/D,0.18382839929881056,0.378320813488226,0.0,0.12288948155778409
5,MOEA/D,0.18654253712778812,0.3795519543636794,0.0,0.13749989409549376
5,MOEA/D,0.19208428449220014,0.37998881671815327,0.0,0.16979222348368084
5,MOEA/D,0.22535814883387872,0.38084902137986676,0.0,0.25898092856867794
5,MOEA/D,0.18382839929881056,0.378320813488226,0.0,0.12288948155778409
5,MOEA/D,0.18382839929881056,0.378320813488226,0.0,0.12288948155778409
5,MOEA/D,0.18382839929881056,0.378320813488226,0.0,0.12288948155778409
5,MOEA/D,0.18382839929881056,0.378320813488226,0.0,0.12288948155778409
5,MOEA/D,0.18654253712778812,0.3795519543636794,0.0,0.13749989409549376
5,MOEA/D,0.18382839929881056,0.378320813488226,0.0,0.12288948155778409
5,MOEA/D,0.18382839929881056,0.378320813488226,0.0,0.12288948155778409
5,MOEA/D,0.18654253712778812,0.3795519543636794,0.0,0.13749989409549376
5,MOEA/D,0.18382839929881056,0.378320813488226,0.0,0.12288948155778409
5,MOEA/D,0.18382839929881056,0.378320813488226,0.0,0.12288948155778409
5,MOEA/D,0.18382839929881056,0.378320813488226,0.0,0.12288948155778409
6,MOEA/D,0.17789462180212495,0.3802784076895876,0.0,0.09578408483843365
6,MOEA/D,0.17789462180212495,0.3802784076895876,0.0,0.09578408483843365
6,MOEA/D,0.17789462180212495,0.3802784076895876,0.0,0.09578408483843365
6,MOEA/D,0.17789462180212495,0.3802784076895876,0.0,0.09578408483843365
6,MOEA/D,0.17789462180212495,0.3802784076895876,0.0,0.09578408483843365
6,MOEA/D,0.21287326443771679,0.3853420300488207,0.0,0.29765465315503864
6,MOEA/D,0.18607894959740917,0.3820385665746986,0.0,0.13742618913869134
6,MOEA/D,0.17789462180212495,0.3802784076895876,0.0,0.09578408483843365
6,MOEA/D,0.20135411384393584,0.38231041503805624,0.0,0.23338848366262363
6,MOEA/D,0.17789462180212495,0.3802784076895876,0.0,0.09578408483843365
6,MOEA/D,0.17789462180212495,0.3802784076895876,0.0,0.09578408483843365
6,MOEA/D,0.17789462180212495,0.3802784076895876,0.0,0.09578408483843365
6,MOEA/D,0.17789462180212495,0.3802784076895876,0.0,0.09578408483843365
6,MOEA/D,0.17789462180212495,0.3802784076895876,0.0,0.09578408483843365
6,MOEA/D,0.31949847160664707,0.3825306317674973,0.0,0.25752755296914676
6,MOEA/D,0.17789462180212495,0.3802784076895876,0.0,0.09578408483843365
6,MOEA/D,0.17789462180212495,0.3802784076895876,0.0,0.09578408483843365
6,MOEA/D,0.17789462180212495,0.3802784076895876,0.0,0.09578408483843365
6,MOEA/D,0.17789462180212495,0.3802784076895876,0.0,0.09578408483843365
6,MOEA/D,0.17789462180212495,0.3802784076895876,0.0,0.09578408483843365
6,MOEA/D,0.17789462180212495,0.3802784076895876,0.0,0.09578408483843365
7,MOEA/D,0.17782187523177667,0.5896691801785932,0.0,0.0957731065965245
7,MOEA/D,0.17782187523177667,0.5896691801785932,0.0,0.0957731065965245
7,MOEA/D,0.17782187523177667,0.5896691801785932,0.0,0.0957731065965245
7,MOEA/D,0.17782187523177667,0.5896691801785932,0.0,0.0957731065965245
7,MOEA/D,0.20116706930466874,0.5923260793432477,0.0,0.25262460654403546
7,MOEA/D,0.17782187523177667,0.5896691801785932,0.0,0.0957731065965245
7,MOEA/D,0.17782187523177667,0.5896691801785932,0.0,0.0957731065965245
7,MOEA/D,0.1913838932934663,0.5921559548249828,0.0,0.16871655241804645
7,MOEA/D,0.17782187523177667,0.5896691801785932,0.0,0.0957731065965245
7,MOEA/D,0.17782187523177667,0.5896691801785932,0.0,0.0957731065965245
7,MOEA/D,0.17782187523177667,0.5896691801785932,0.0,0.0957731065965245
7,MOEA/D,0.17782187523177667,0.5896691801785932,0.0,0.0957731065965245
7,MOEA/D,0.17782187523177667,0.5896691801785932,0.0,0.0957731065965245
7,MOEA/D,0.17782187523177667,0.5896691801785932,0.0,0.0957731065965245
7,MOEA/D,0.17782187523177667,0.5896691801785932,0.0,0.0957731065965245
7,MOEA/D,0.17782187523177667,0.5896691801785932,0.0,0.0957731065965245
7,MOEA/D,0.17782187523177667,0.5896691801785932,0.0,0.0957731065965245
8,MOEA/D,0.18393913181886276,0.5913193315658195,0.0,0.12277385319046083
8,MOEA/D,0.18393913181886276,0.5913193315658195,0.0,0.12277385319046083
8,MOEA/D,0.18663505470246006,0.5925829135085035,0.0,0.13755853227387957
8,MOEA/D,0.1925640364523244,0.5930306110773317,1.0,0.16808657556233617
8,MOEA/D,0.2008858607746057,0.5928608473245159,0.0,0.22704557515231344
8,MOEA/D,0.18393913181886276,0.5913193315658195,0.0,0.12277385319046083
8,MOEA/D,0.18212470507254364,0.5799390009819531,0.0,0.22899472621822617
8,MOEA/D,0.18393913181886276,0.5913193315658195,0.0,0.12277385319046083
8,MOEA/D,0.18393913181886276,0.5913193315658195,0.0,0.12277385319046083
8,MOEA/D,0.18393913181886276,0.5913193315658195,0.0,0.12277385319046083
8,MOEA/D,0.18393913181886276,0.5913193315658195,0.0,0.12277385319046083
8,MOEA/D,0.26988632729741996,0.5930858948676189,0.0,0.23844139187137403
8,MOEA/D,0.18663505470246006,0.5925829135085035,0.0,0.13755853227387957
8,MOEA/D,0.18393913181886276,0.5913193315658195,0.0,0.12277385319046083
9,MOEA/D,0.20302891879045284,0.5824064945335687,0.0,0.24673020755083971
9,MOEA/D,0.17783860126833426,0.5787867344228669,0.0,0.0957599014562662
9,MOEA/D,0.19105822903172476,0.5812926304603112,0.0,0.17951221201870693
9,MOEA/D,0.17783860126833426,0.5787867344228669,0.0,0.0957599014562662
9,MOEA/D,0.17783860126833426,0.5787867344228669,0.0,0.0957599014562662
9,MOEA/D,0.17783860126833426,0.5787867344228669,0.0,0.0957599014562662
9,MOEA/D,0.17783860126833426,0.5787867344228669,0.0,0.0957599014562662
9,MOEA/D,0.17783860126833426,0.5787867344228669,0.0,0.0957599014562662
0,NSGA3,0.95186970264958,0.9702452161205313,48.0,0.5213197595827034
0,NSGA3,4.895470938749201,0.9667208284961074,42.0,2.0249000701694695
0,NSGA3,0.19493580802015611,0.5419009890843879,18.0,0.10901067223219897
0,NSGA3,0.5256279343598839,0.5388211227053017,13.0,0.4016394592847354
0,NSGA3,0.12907705343367334,0.8914164335895485,63.0,0.05893742104284095
0,NSGA3,0.11314750054817943,0.9680674557676576,151.0,0.05450011873054335
0,NSGA3,3.114801666195355,0.5515489389529681,11.0,1.2952407327232132
0,NSGA3,1.3340056975740833,0.9690554322199529,47.0,1.0779492004702367
0,NSGA3,0.575795480768928,0.9660082367883077,48.0,0.20906264603573957
0,NSGA3,0.4805665269261202,0.8959627517972042,41.0,0.22524132682679876
0,NSGA3,2.3371619999653914,0.9634012112038104,44.0,0.7986195939610713
0,NSGA3,0.3952111254610994,0.9637904746653134,48.0,0.26373807153929224
0,NSGA3,0.18713606965894822,0.37884414001018524,0.0,0.10666487459853291
1,NSGA3,1.5992733648882518,0.9694127284038485,54.0,0.6250654722264877
1,NSGA3,0.21422885104678036,0.3779529100180709,0.0,0.1426194330213866
1,NSGA3,0.2790745979000154,0.538528735069914,20.0,0.20243286746781028
1,NSGA3,1.221122370404142,0.5592934675364218,12.0,0.7311264930660291
1,NSGA3,0.11752611735221491,0.8945129604912215,52.0,0.0910654547373844
1,NSGA3,1.4785918041903037,0.9587717773269508,34.0,0.756929567556044
1,NSGA3,0.11742509435688635,0.9680817902845421,119.0,0.06893476835864669
1,NSGA3,3.102690391744691,0.5504125791168111,8.0,1.293224787614372
1,NSGA3,0.5307781161215449,0.9477368916829566,33.0,0.2750175998856747
2,NSGA3,22.634187534314467,0.9722822586891875,84.0,7.2011653018161565
2,NSGA3,0.19673266326594796,0.3788105221336995,0.0,0.11578327677650713
2,NSGA3,0.13867014714347176,0.9680599818379647,63.0,0.06382296429649469
2,NSGA3,0.19422970550974225,0.5416057902239549,21.0,0.10792870439938972
2,NSGA3,8.671568761754097,0.9736966922555286,88.0,2.9320066564019727
2,NSGA3,0.30732184707875304,0.9682589512055849,61.0,0.18087702718794665
2,NSGA3,4.241932113702348,0.5499088136433204,9.0,1.9845087455867858
3,NSGA3,5.685656919705913,0.9719659618318374,79.0,2.046682841592835
3,NSGA3,1.695709551357327,0.5645705022059936,10.0,0.9594125995962266
3,NSGA3,0.615366496615336,0.9713063146215979,65.0,0.3032544844686556
3,NSGA3,0.1390826188086566,0.901084012697963,32.0,0.08299515608085577
3,NSGA3,0.20625729700705003,0.3786766968087563,0.0,0.15858384678194146
3,NSGA3,0.151477180243907,0.9012519325508873,48.0,0.08064407016292667
3,NSGA3,0.4930395392759909,0.5439155273884946,19.0,0.7766567367815478
3,NSGA3,0.1318064623706498,0.9680493943419218,150.0,0.07662766054888615
3,NSGA3,0.20417457817660573,0.9684512167928608,65.0,0.1906216800653708
3,NSGA3,0.9271815000542771,0.9709798793070235,50.0,0.5112178937693307
3,NSGA3,1.349342189129608,0.3787274470216066,4.0,0.5250144668544805
4,NSGA3,0.1177510901502612,0.9683100509737451,125.0,0.06178201846818943
4,NSGA3,2.7387974913982807,0.9661297337376827,32.0,1.2831008009272353
4,NSGA3,0.21137736204885388,0.5416057902239549,22.0,0.11622385694905239
4,NSGA3,0.12105421394066636,0.897445408555853,28.0,0.06813606854663508
4,NSGA3,0.13794078830321196,0.9089838660119618,42.0,0.10980786759816231
4,NSGA3,2.4829828303047194,0.9623685150249196,55.0,0.8944636286018874
4,NSGA3,0.2118410781441796,0.3777302868262995,0.0,0.1190341146675615
4,NSGA3,5.437963973808697,0.5494240722994522,11.0,4.074234431778613
4,NSGA3,2.720413035278314,0.967245091388667,35.0,1.7094369140701815
5,NSGA3,0.9166138189562009,0.5423366526715375,35.0,0.34150623135400826
5,NSGA3,0.4325359098321824,0.9685686270797633,51.0,0.23024419123056655
5,NSGA3,0.14427549262597447,0.9681652631869477,65.0,0.057707828364879386
5,NSGA3,0.1904737508896222,0.3775097509990068,0.0,0.09969336992705732
5,NSGA3,1.028840437571967,0.9696830914566297,48.0,0.5049764743452899
5,NSGA3,1.0647373126161785,0.5595093076812233,12.0,0.6245689365974232
5,NSGA3,3.0380117733814247,0.9693667407514647,44.0,1.2718759332874632
5,NSGA3,3.0738764784354435,0.5433233266601414,8.0,1.164942080402777
5,NSGA3,3.0479439752780086,0.9685057007510631,44.0,1.158064249029745
6,NSGA3,12.039917845473427,0.9727345898575168,87.0,4.081294491418322
6,NSGA3,0.19111718813185144,0.5415410267939542,18.0,0.15676152865371507
6,NSGA3,21.6204550000362,0.9714565830274824,79.0,10.443912051430189
6,NSGA3,3.060835888263022,0.5512852472436168,9.0,1.5964578812336134
6,NSGA3,0.1931212948736479,0.37289451150463143,0.0,0.1345395988731658
6,NSGA3,5.216800045112431,0.9724792847321986,90.0,1.7984524796007653
6,NSGA3,0.12424992616753111,0.9681185119743922,119.0,0.07162578002208683
7,NSGA3,0.14614123527539385,0.9049581663802229,33.0,0.15496856908377676
7,NSGA3,0.7827310180909246,0.9447317216032467,42.0,0.9326148252324183
7,NSGA3,0.10947782044329885,0.9681041934059136,151.0,0.04796910819255358
7,NSGA3,0.18220376339209196,0.378869523862006,0.0,0.09914224719944636
7,NSGA3,0.1715232682824638,0.9676178371660428,49.0,0.10941493060835267
7,NSGA3,0.21198958258889017,0.9685970011876361,50.0,0.2953438173445536
7,NSGA3,0.7423184509934508,0.93967167124741,37.0,0.40631085286566565
7,NSGA3,0.1806219586730664,0.5414329176194426,18.0,0.09772001614450176
7,NSGA3,0.11494655686605111,0.8940126405005199,56.0,0.050104097414992194
7,NSGA3,0.1931005537402134,0.9686678821960605,51.0,0.23844739339201923
7,NSGA3,0.9258164336270482,0.404826997041145,0.0,1.1104244534548697
7,NSGA3,0.21571705803827818,0.5435295706909048,18.0,0.30283503028404785
8,NSGA3,0.1377786261616273,0.8987362067036082,53.0,0.07203936800600452
8,NSGA3,3.197686964095534,0.533987628241169,11.0,1.1158440789289086
8,NSGA3,0.6445172767307434,0.3862295149912607,0.0,0.4826224179767193
8,NSGA3,1.2237422956041712,0.5522071384378692,12.0,0.6063769382407606
8,NSGA3,0.18447449428318569,0.378869523862006,0.0,0.10704775801103934
8,NSGA3,0.2160772958619277,0.9679464873727317,50.0,0.2561669072632507
8,NSGA3,0.18343233171800005,0.5414329176194426,18.0,0.10566298496135981
8,NSGA3,2.099641137361061,0.9676091889186802,44.0,0.7453280838159794
8,NSGA3,0.5117651805486081,0.9663017916626616,48.0,0.18839033570548572
8,NSGA3,1.2032510918029813,0.5586443287140791,13.0,0.8504367742187541
8,NSGA3,0.11637970368387397,0.9682918260826016,116.0,0.06563187217437264
8,NSGA3,0.781059260536016,0.9665691744933403,46.0,0.3415595543955745
8,NSGA3,0.8173500877010247,0.5244503962666728,13.0,0.29277809934941096
9,NSGA3,0.1840199777120269,0.3786466894102959,0.0,0.09782725839924634
9,NSGA3,0.12545689988827843,0.89191836364987,62.0,0.08357438462493229
9,NSGA3,2.6590781532842596,0.9682806701712093,48.0,1.0865962487459013
9,NSGA3,2.2176720869148046,0.9665190272184825,48.0,1.9802167478878554
9,NSGA3,0.9642854676164889,0.5650598930623264,16.0,0.9135574787120767
9,NSGA3,2.436155314118446,0.5571849575594464,15.0,2.376053032683043
9,NSGA3,0.9635440585962509,0.39001290739309896,0.0,0.4410340052359449
9,NSGA3,0.22534579902514704,0.9678680729747805,49.0,0.38998256893788064
9,NSGA3,0.5342171544685548,0.9687562143537407,54.0,0.21821374331504662
9,NSGA3,3.4480047340834448,0.5533567247185684,8.0,1.8766772679357575
9,NSGA3,0.1279911704307551,0.968262737016131,118.0,0.06391410364964017
9,NSGA3,0.1840199777120269,0.5414329176194426,18.0,0.09782725839924634
9,NSGA3,0.24264305881118886,0.5395645867937942,15.0,0.47576597290961375
9,NSGA3,0.9108095772149947,0.9704130242778252,59.0,0.6545888411289337
